date,lon,lat,ntl,vza
2024/1/1,110.33125,20.07708333,26.0419178,4348
2024/1/1,110.3354167,20.07708333,23.94260025,4344
2024/1/1,110.3395833,20.07708333,23.87859154,4344
2024/1/1,110.34375,20.07708333,21.30986404,4341
2024/1/1,110.3479167,20.07708333,27.1186142,4337
2024/1/1,110.3520833,20.07708333,16.41247559,4337
2024/1/1,110.35625,20.07708333,17.8477993,4333
2024/1/1,110.3604167,20.07708333,18.08742905,4333
2024/1/1,110.31875,20.07291667,38.13143921,4352
2024/1/1,110.3229167,20.07291667,37.94397354,4352
2024/1/1,110.3270833,20.07291667,38.8025589,4348
2024/1/1,110.33125,20.07291667,25.22794914,4348
2024/1/1,110.3354167,20.07291667,23.14782906,4344
2024/1/1,110.3395833,20.07291667,20.35186768,4341
2024/1/1,110.34375,20.07291667,20.917593,4341
2024/1/1,110.3479167,20.07291667,27.06157684,4337
2024/1/1,110.3520833,20.07291667,27.86505699,4337
2024/1/1,110.35625,20.07291667,25.31576347,4333
2024/1/1,110.3604167,20.07291667,25.50656509,4333
2024/1/1,110.3645833,20.07291667,31.89631653,4330
2024/1/1,110.36875,20.07291667,31.9079628,4330
2024/1/1,110.3104167,20.06875,41.95576859,4355
2024/1/1,110.3145833,20.06875,41.97253799,4355
2024/1/1,110.31875,20.06875,38.2763176,4352
2024/1/1,110.3229167,20.06875,38.24571991,4352
2024/1/1,110.3270833,20.06875,39.11695862,4348
2024/1/1,110.33125,20.06875,38.00783539,4348
2024/1/1,110.3354167,20.06875,34.80608368,4344
2024/1/1,110.3395833,20.06875,39.81812286,4341
2024/1/1,110.34375,20.06875,41.9552269,4341
2024/1/1,110.3479167,20.06875,38.78012848,4337
2024/1/1,110.3520833,20.06875,40.02574539,4337
2024/1/1,110.35625,20.06875,39.78234482,4333
2024/1/1,110.3604167,20.06875,39.6531868,4333
2024/1/1,110.3645833,20.06875,31.66857147,4330
2024/1/1,110.3104167,20.06458333,58.57075119,4355
2024/1/1,110.3145833,20.06458333,60.42181778,4355
2024/1/1,110.31875,20.06458333,45.82401276,4352
2024/1/1,110.3229167,20.06458333,43.395401,4352
2024/1/1,110.3270833,20.06458333,43.30228043,4348
2024/1/1,110.33125,20.06458333,60.6380043,4344
2024/1/1,110.3354167,20.06458333,60.53769302,4344
2024/1/1,110.3395833,20.06458333,40.68545914,4341
2024/1/1,110.34375,20.06458333,40.99304199,4341
2024/1/1,110.3479167,20.06458333,38.91202164,4337
2024/1/1,110.3520833,20.06458333,40.05721664,4337
2024/1/1,110.35625,20.06458333,39.70890808,4333
2024/1/1,110.3604167,20.06458333,39.79771423,4333
2024/1/1,110.3645833,20.06458333,44.69936752,4330
2024/1/1,110.36875,20.06458333,9.696202278,4326
2024/1/1,110.1895833,20.06041667,35.25701523,4413
2024/1/1,110.19375,20.06041667,36.20310974,4413
2024/1/1,110.1979167,20.06041667,37.64536285,4410
2024/1/1,110.3104167,20.06041667,40.31610107,4355
2024/1/1,110.3145833,20.06041667,40.40827179,4355
2024/1/1,110.31875,20.06041667,44.51461411,4352
2024/1/1,110.3229167,20.06041667,42.04285431,4348
2024/1/1,110.3270833,20.06041667,43.30363083,4348
2024/1/1,110.33125,20.06041667,61.02593613,4344
2024/1/1,110.3354167,20.06041667,60.29891586,4344
2024/1/1,110.3395833,20.06041667,42.9892807,4341
2024/1/1,110.34375,20.06041667,42.85521698,4341
2024/1/1,110.3479167,20.06041667,29.68226051,4337
2024/1/1,110.3520833,20.06041667,29.85189819,4337
2024/1/1,110.35625,20.06041667,21.87212372,4333
2024/1/1,110.3604167,20.06041667,16.73923302,4330
2024/1/1,110.3645833,20.06041667,16.84280586,4330
2024/1/1,110.4104167,20.06041667,28.31692696,4308
2024/1/1,110.1895833,20.05625,33.91222763,4413
2024/1/1,110.19375,20.05625,34.23346329,4413
2024/1/1,110.1979167,20.05625,37.72829437,4410
2024/1/1,110.2020833,20.05625,20.71552467,4407
2024/1/1,110.31875,20.05625,37.37481308,4352
2024/1/1,110.3229167,20.05625,32.83823013,4348
2024/1/1,110.3270833,20.05625,31.88718605,4348
2024/1/1,110.33125,20.05625,51.51135254,4344
2024/1/1,110.3354167,20.05625,51.200737,4344
2024/1/1,110.3395833,20.05625,63.36776352,4341
2024/1/1,110.34375,20.05625,63.50246048,4341
2024/1/1,110.3479167,20.05625,58.7420578,4337
2024/1/1,110.3520833,20.05625,29.45341873,4337
2024/1/1,110.35625,20.05625,21.87558174,4333
2024/1/1,110.3604167,20.05625,16.7238369,4330
2024/1/1,110.3645833,20.05625,16.64888573,4330
2024/1/1,110.40625,20.05625,24.24349785,4308
2024/1/1,110.4104167,20.05625,29.11833,4308
2024/1/1,110.1979167,20.05208333,44.51343155,4410
2024/1/1,110.2020833,20.05208333,28.78479004,4407
2024/1/1,110.3270833,20.05208333,32.50311279,4348
2024/1/1,110.33125,20.05208333,51.28832626,4344
2024/1/1,110.3354167,20.05208333,51.39578629,4344
2024/1/1,110.3395833,20.05208333,63.54103851,4341
2024/1/1,110.34375,20.05208333,65.2379303,4341
2024/1/1,110.3479167,20.05208333,58.2900238,4337
2024/1/1,110.3520833,20.05208333,50.99856567,4333
2024/1/1,110.35625,20.05208333,52.62965012,4333
2024/1/1,110.3604167,20.05208333,18.891325,4330
2024/1/1,110.3645833,20.05208333,18.99829674,4330
2024/1/1,110.36875,20.05208333,7.465991497,4326
2024/1/1,110.4104167,20.05208333,24.09007835,4308
2024/1/1,110.4145833,20.05208333,10.14189529,4304
2024/1/1,110.1604167,20.04791667,31.90638733,4427
2024/1/1,110.1645833,20.04791667,31.97888374,4427
2024/1/1,110.1979167,20.04791667,44.37442017,4410
2024/1/1,110.2020833,20.04791667,28.60458565,4407
2024/1/1,110.3229167,20.04791667,48.25700378,4348
2024/1/1,110.3270833,20.04791667,48.47780991,4348
2024/1/1,110.33125,20.04791667,49.82189178,4344
2024/1/1,110.3354167,20.04791667,49.75237656,4344
2024/1/1,110.3395833,20.04791667,65.82093048,4341
2024/1/1,110.34375,20.04791667,43.02534485,4337
2024/1/1,110.3479167,20.04791667,41.82539368,4337
2024/1/1,110.3520833,20.04791667,39.00812531,4333
2024/1/1,110.35625,20.04791667,39.92926788,4333
2024/1/1,110.3604167,20.04791667,37.03362274,4330
2024/1/1,110.3645833,20.04791667,18.99589729,4330
2024/1/1,110.3979167,20.04791667,15.58799458,4312
2024/1/1,110.4020833,20.04791667,15.31036758,4312
2024/1/1,110.4104167,20.04791667,16.7213726,4304
2024/1/1,110.1604167,20.04375,28.58899689,4427
2024/1/1,110.3229167,20.04375,54.62612152,4348
2024/1/1,110.3270833,20.04375,54.79779816,4348
2024/1/1,110.33125,20.04375,58.04508209,4344
2024/1/1,110.3354167,20.04375,57.88290405,4344
2024/1/1,110.3395833,20.04375,63.69996643,4341
2024/1/1,110.34375,20.04375,41.75922012,4337
2024/1/1,110.3479167,20.04375,41.66099548,4337
2024/1/1,110.36875,20.04375,25.85862923,4326
2024/1/1,110.4020833,20.04375,15.23692322,4312
2024/1/1,110.33125,20.03958333,57.58323288,4344
2024/1/1,110.3354167,20.03958333,47.81299591,4341
2024/1/1,110.3395833,20.03958333,49.09983444,4341
2024/1/1,110.34375,20.03958333,53.51152039,4337
2024/1/1,110.33125,20.03541667,53.74210358,4344
2024/1/1,110.3354167,20.03541667,71.1084671,4341
2024/1/1,110.3395833,20.03541667,73.03382111,4341
2024/1/1,110.34375,20.03541667,72.84716034,4337
2024/1/1,110.3479167,20.03541667,75.09020996,4337
2024/1/1,110.3520833,20.03541667,38.29455566,4333
2024/1/1,110.16875,20.03125,19.69141579,4424
2024/1/1,110.1729167,20.03125,18.54731178,4420
2024/1/1,110.33125,20.03125,53.63191223,4344
2024/1/1,110.3354167,20.03125,71.05839539,4341
2024/1/1,110.3395833,20.03125,73.05312347,4341
2024/1/1,110.34375,20.03125,72.7339859,4337
2024/1/1,110.3479167,20.03125,72.68630981,4337
2024/1/1,110.3520833,20.03125,46.95638657,4333
2024/1/1,110.3479167,20.02708333,45.05826187,4337
2024/1/1,110.3520833,20.02708333,55.55175018,4333
2024/1/1,110.35625,20.02708333,66.89872742,4330
2024/1/1,110.43125,20.02708333,5.720313549,4293
2024/1/1,110.4395833,20.02708333,7.129165173,4290
2024/1/1,110.44375,20.02708333,6.844544411,4290
2024/1/1,110.3479167,20.02291667,55.65613937,4333
2024/1/1,110.3520833,20.02291667,55.1857338,4333
2024/1/1,110.35625,20.02291667,67.06912994,4330
2024/1/1,110.3604167,20.02291667,66.27724457,4330
2024/1/1,110.3645833,20.02291667,53.8907547,4326
2024/1/1,110.36875,20.02291667,54.5331192,4326
2024/1/1,110.3729167,20.02291667,35.28497696,4323
2024/1/1,110.3770833,20.02291667,36.46200943,4323
2024/1/1,110.4270833,20.02291667,6.652470112,4297
2024/1/1,110.43125,20.02291667,7.346504211,4293
2024/1/1,110.4395833,20.02291667,11.81043434,4290
2024/1/1,110.2229167,20.01875,21.8991127,4393
2024/1/1,110.2270833,20.01875,16.70288658,4390
2024/1/1,110.35625,20.01875,56.24422073,4330
2024/1/1,110.3604167,20.01875,58.85056686,4330
2024/1/1,110.3645833,20.01875,58.76845169,4326
2024/1/1,110.36875,20.01875,59.11516953,4326
2024/1/1,110.3729167,20.01875,44.16930008,4323
2024/1/1,110.3770833,20.01875,24.58493614,4319
2024/1/1,110.38125,20.01875,24.17345047,4319
2024/1/1,110.4270833,20.01875,27.91975784,4297
2024/1/1,110.43125,20.01875,23.23498344,4293
2024/1/1,110.4354167,20.01875,11.29207993,4290
2024/1/1,110.48125,20.01875,30.11418724,4268
2024/1/1,110.3645833,20.01458333,59.45319748,4326
2024/1/1,110.36875,20.01458333,42.81111145,4323
2024/1/1,110.3729167,20.01458333,44.59314346,4323
2024/1/1,110.3770833,20.01458333,20.58454132,4319
2024/1/1,110.4354167,20.01458333,14.53297138,4290
2024/1/1,110.4395833,20.01458333,14.66445065,4290
2024/1/1,110.4770833,20.01458333,28.62557411,4272
2024/1/1,110.5020833,20.01458333,29.36313248,4257
2024/1/1,110.31875,20.01041667,51.14482498,4345
2024/1/1,110.3229167,20.01041667,47.50365448,4345
2024/1/1,110.3645833,20.01041667,39.19382095,4326
2024/1/1,110.36875,20.01041667,30.25637436,4323
2024/1/1,110.3729167,20.01041667,31.31572342,4323
2024/1/1,110.3770833,20.01041667,16.31587601,4319
2024/1/1,110.3895833,20.01041667,13.98168278,4315
2024/1/1,110.43125,20.01041667,7.481336594,4294
2024/1/1,110.4354167,20.01041667,4.898053646,4290
2024/1/1,110.5020833,20.01041667,30.14860344,4257
2024/1/1,110.50625,20.01041667,27.11124229,4257
2024/1/1,110.5104167,20.01041667,23.21957397,4253
2024/1/1,110.3020833,20.00625,61.4846611,4352
2024/1/1,110.30625,20.00625,61.37392426,4352
2024/1/1,110.31875,20.00625,52.42156601,4345
2024/1/1,110.3979167,20.00625,23.63107109,4308
2024/1/1,110.4354167,20.00625,4.92028904,4290
2024/1/1,110.50625,20.00625,29.94862175,4257
2024/1/1,110.5104167,20.00625,30.82618141,4254
2024/1/1,110.5145833,20.00625,9.932362556,4250
2024/1/1,110.3020833,20.00208333,64.3813858,4352
2024/1/1,110.30625,20.00208333,64.3759079,4352
2024/1/1,110.3104167,20.00208333,53.67551041,4348
2024/1/1,110.3145833,20.00208333,53.51683807,4348
2024/1/1,110.4604167,20.00208333,4.263244152,4279
2024/1/1,110.4645833,20.00208333,19.03938866,4275
2024/1/1,110.46875,20.00208333,29.04048347,4272
2024/1/1,110.1270833,19.99791667,11.20318317,4437
2024/1/1,110.13125,19.99791667,8.085829735,4434
2024/1/1,110.2895833,19.99791667,51.82281876,4359
2024/1/1,110.2979167,19.99791667,71.52843475,4355
2024/1/1,110.3020833,19.99791667,64.57149506,4352
2024/1/1,110.30625,19.99791667,64.23623657,4352
2024/1/1,110.3104167,19.99791667,53.42595673,4348
2024/1/1,110.3145833,19.99791667,66.12145996,4345
2024/1/1,110.40625,19.99791667,32.6758194,4301
2024/1/1,110.4104167,19.99791667,26.51259995,4297
2024/1/1,110.41875,19.99791667,10.4144392,4294
2024/1/1,110.4520833,19.99791667,4.64900732,4283
2024/1/1,110.45625,19.99791667,6.679648876,4279
2024/1/1,110.4604167,19.99791667,6.66138792,4279
2024/1/1,110.4645833,19.99791667,19.58702278,4275
2024/1/1,110.11875,19.99375,6.316418171,4441
2024/1/1,110.1229167,19.99375,12.49784279,4437
2024/1/1,110.2895833,19.99375,34.18489075,4359
2024/1/1,110.29375,19.99375,43.90546417,4355
2024/1/1,110.31875,19.99375,51.84831619,4345
2024/1/1,110.3229167,19.99375,59.75128174,4341
2024/1/1,110.3979167,19.99375,29.23612595,4304
2024/1/1,110.4395833,19.99375,10.65005016,4283
2024/1/1,110.44375,19.99375,5.987236977,4283
2024/1/1,110.4479167,19.99375,5.203007221,4279
2024/1/1,110.4520833,19.99375,4.596237183,4279
2024/1/1,110.45625,19.99375,10.23296165,4275
2024/1/1,110.4604167,19.99375,10.06459332,4275
2024/1/1,110.4645833,19.99375,24.01927185,4272
2024/1/1,110.46875,19.99375,48.51197433,4268
2024/1/1,110.4770833,19.99375,7.840017796,4265
2024/1/1,110.48125,19.99375,7.819662571,4265
2024/1/1,110.4854167,19.99375,4.528072834,4265
2024/1/1,110.1104167,19.98958333,17.06066322,4444
2024/1/1,110.1145833,19.98958333,17.02845955,4444
2024/1/1,110.11875,19.98958333,11.58178997,4441
2024/1/1,110.1229167,19.98958333,8.777029037,4437
2024/1/1,110.1479167,19.98958333,10.29324913,4427
2024/1/1,110.31875,19.98958333,51.74888992,4345
2024/1/1,110.3229167,19.98958333,61.67766571,4341
2024/1/1,110.3979167,19.98958333,15.82965088,4304
2024/1/1,110.44375,19.98958333,10.18421936,4283
2024/1/1,110.4479167,19.98958333,8.408464432,4279
2024/1/1,110.4520833,19.98958333,8.164459229,4279
2024/1/1,110.45625,19.98958333,19.58613968,4275
2024/1/1,110.4604167,19.98958333,39.77116394,4272
2024/1/1,110.4645833,19.98958333,40.00281906,4272
2024/1/1,110.46875,19.98958333,46.24828339,4268
2024/1/1,110.4729167,19.98958333,45.06552887,4268
2024/1/1,110.4770833,19.98958333,7.74997282,4265
2024/1/1,110.1020833,19.98541667,8.750060081,4447
2024/1/1,110.10625,19.98541667,8.731537819,4447
2024/1/1,110.1104167,19.98541667,17.13622093,4444
2024/1/1,110.1479167,19.98541667,8.192728996,4427
2024/1/1,110.1645833,19.98541667,29.70109367,4417
2024/1/1,110.16875,19.98541667,25.72404861,4417
2024/1/1,110.4270833,19.98541667,9.300626755,4290
2024/1/1,110.4354167,19.98541667,10.38023376,4286
2024/1/1,110.4479167,19.98541667,19.84597588,4279
2024/1/1,110.4520833,19.98541667,19.52791214,4279
2024/1/1,110.45625,19.98541667,20.15930557,4275
2024/1/1,110.4604167,19.98541667,41.11169434,4272
2024/1/1,110.4645833,19.98541667,40.18830872,4272
2024/1/1,110.46875,19.98541667,46.31701279,4268
2024/1/1,110.4729167,19.98541667,46.33111954,4268
2024/1/1,110.14375,19.98125,8.174106598,4427
2024/1/1,110.1604167,19.98125,22.77246475,4420
2024/1/1,110.1645833,19.98125,28.91667938,4417
2024/1/1,110.2729167,19.98125,30.47485352,4366
2024/1/1,110.2770833,19.98125,15.74432945,4363
2024/1/1,110.3354167,19.98125,62.36348724,4334
2024/1/1,110.3395833,19.98125,63.93569565,4334
2024/1/1,110.43125,19.98125,11.29501724,4286
2024/1/1,110.4354167,19.98125,10.32403469,4286
2024/1/1,110.4395833,19.98125,19.68191528,4283
2024/1/1,110.44375,19.98125,19.61046219,4283
2024/1/1,110.4520833,19.98125,31.16383362,4275
2024/1/1,110.45625,19.98125,31.10470009,4275
2024/1/1,110.4604167,19.98125,27.89917374,4272
2024/1/1,110.4645833,19.98125,28.13243675,4272
2024/1/1,110.46875,19.98125,45.05344009,4268
2024/1/1,110.4729167,19.98125,45.1830368,4268
2024/1/1,110.4770833,19.98125,13.34049416,4265
2024/1/1,110.1520833,19.97708333,19.60494614,4424
2024/1/1,110.2729167,19.97708333,33.550354,4366
2024/1/1,110.2770833,19.97708333,27.22238541,4363
2024/1/1,110.3354167,19.97708333,30.24996567,4334
2024/1/1,110.3395833,19.97708333,29.85505104,4334
2024/1/1,110.3979167,19.97708333,21.10551453,4304
2024/1/1,110.43125,19.97708333,11.86344719,4286
2024/1/1,110.4354167,19.97708333,11.47378826,4286
2024/1/1,110.4395833,19.97708333,11.04021168,4283
2024/1/1,110.45625,19.97708333,7.792653561,4275
2024/1/1,110.4604167,19.97708333,12.07681274,4272
2024/1/1,110.4645833,19.97708333,12.02897263,4272
2024/1/1,110.1354167,19.97291667,31.1551609,4431
2024/1/1,110.1395833,19.97291667,31.32660675,4431
2024/1/1,110.14375,19.97291667,12.91189766,4427
2024/1/1,110.1479167,19.97291667,12.4960947,4427
2024/1/1,110.1520833,19.97291667,9.297179222,4424
2024/1/1,110.34375,19.97291667,25.36225891,4330
2024/1/1,110.3479167,19.97291667,25.32165337,4330
2024/1/1,110.3979167,19.97291667,21.3091011,4304
2024/1/1,110.4020833,19.97291667,28.31663513,4301
2024/1/1,110.4145833,19.97291667,20.14683723,4294
2024/1/1,110.4229167,19.97291667,22.76693153,4290
2024/1/1,110.4270833,19.97291667,22.34702682,4290
2024/1/1,110.43125,19.97291667,32.15648651,4286
2024/1/1,110.4354167,19.97291667,32.94007492,4286
2024/1/1,110.4479167,19.97291667,7.860901833,4279
2024/1/1,110.4729167,19.97291667,14.22439861,4265
2024/1/1,110.48125,19.97291667,13.25032234,4261
2024/1/1,110.3395833,19.96875,16.86969948,4334
2024/1/1,110.34375,19.96875,17.30548859,4330
2024/1/1,110.3479167,19.96875,13.95885849,4326
2024/1/1,110.4145833,19.96875,8.976982117,4294
2024/1/1,110.41875,19.96875,8.816545486,4294
2024/1/1,110.4229167,19.96875,22.39713287,4290
2024/1/1,110.4270833,19.96875,22.6022644,4290
2024/1/1,110.43125,19.96875,31.91095161,4286
2024/1/1,110.4354167,19.96875,31.2138958,4286
2024/1/1,110.4395833,19.96875,18.05133438,4283
2024/1/1,110.45625,19.96875,6.247076035,4275
2024/1/1,110.11875,19.96458333,14.31880665,4437
2024/1/1,110.1229167,19.96458333,14.29375648,4437
2024/1/1,110.1270833,19.96458333,28.25355339,4434
2024/1/1,110.4270833,19.96458333,19.0983181,4290
2024/1/1,110.4354167,19.96458333,21.49352837,4283
2024/1/1,110.4395833,19.96458333,22.27109909,4283
2024/1/1,110.45625,19.96458333,5.803022861,4275
2024/1/1,110.1229167,19.96041667,43.53379059,4437
2024/1/1,110.1270833,19.96041667,36.16448212,4434
2024/1/1,110.13125,19.96041667,36.18539429,4434
2024/1/1,110.1354167,19.96041667,26.71003151,4431
2024/1/1,110.4270833,19.96041667,15.74176025,4290
2024/1/1,110.0354167,19.95625,21.85494423,4478
2024/1/1,110.0395833,19.95625,14.19753742,4475
2024/1/1,110.09375,19.95625,12.90901184,4451
2024/1/1,110.0979167,19.95625,23.52375031,4448
2024/1/1,110.11875,19.95625,79.48854065,4437
2024/1/1,110.1229167,19.95625,43.41196823,4437
2024/1/1,110.1270833,19.95625,35.0371933,4434
2024/1/1,110.2770833,19.95625,10.76563263,4363
2024/1/1,110.0770833,19.95208333,19.7178421,4458
2024/1/1,110.1145833,19.95208333,43.25190735,4441
2024/1/1,110.11875,19.95208333,79.32048035,4437
2024/1/1,110.1229167,19.95208333,81.42132568,4437
2024/1/1,110.1270833,19.95208333,24.9520092,4434
2024/1/1,110.2770833,19.95208333,10.84408379,4363
2024/1/1,110.28125,19.95208333,13.98676491,4359
2024/1/1,110.44375,19.95208333,34.24023056,4279
2024/1/1,110.4729167,19.95208333,17.47265625,4265
2024/1/1,110.0770833,19.94791667,13.92515469,4458
2024/1/1,110.1145833,19.94791667,30.05993843,4441
2024/1/1,110.11875,19.94791667,24.60383606,4437
2024/1/1,110.1229167,19.94791667,24.41819954,4437
2024/1/1,110.1270833,19.94791667,40.04767227,4434
2024/1/1,110.44375,19.94791667,34.18344116,4279
2024/1/1,110.4479167,19.94791667,354.5119629,4275
2024/1/1,110.45625,19.94791667,448.3953857,4272
2024/1/1,110.4604167,19.94791667,460.8104858,4272
2024/1/1,110.4645833,19.94791667,58.93702698,4268
2024/1/1,110.46875,19.94791667,60.76467896,4268
2024/1/1,110.4729167,19.94791667,75.96716309,4265
2024/1/1,110.4770833,19.94791667,40.44169235,4261
2024/1/1,110.48125,19.94791667,14.35519028,4261
2024/1/1,110.1145833,19.94375,31.5722065,4441
2024/1/1,110.11875,19.94375,25.98682976,4437
2024/1/1,110.1229167,19.94375,41.30917358,4434
2024/1/1,110.41875,19.94375,12.46389198,4290
2024/1/1,110.4479167,19.94375,139.5673523,4275
2024/1/1,110.4520833,19.94375,138.441864,4275
2024/1/1,110.45625,19.94375,198.1005096,4272
2024/1/1,110.4604167,19.94375,454.2522583,4272
2024/1/1,110.4645833,19.94375,62.31989288,4268
2024/1/1,110.46875,19.94375,80.22470093,4265
2024/1/1,110.4729167,19.94375,80.83924866,4265
2024/1/1,110.4770833,19.94375,39.68175507,4261
2024/1/1,110.41875,19.93958333,7.966845989,4290
2024/1/1,110.4229167,19.93958333,7.828720093,4290
2024/1/1,110.4520833,19.93958333,131.3500519,4275
2024/1/1,110.45625,19.93958333,193.0387115,4272
2024/1/1,110.4604167,19.93958333,198.9761658,4272
2024/1/1,110.4645833,19.93958333,103.6267776,4268
2024/1/1,110.46875,19.93958333,63.28628159,4265
2024/1/1,110.4729167,19.93958333,63.41901779,4265
2024/1/1,109.6979167,19.93541667,10.76015568,4631
2024/1/1,110.44375,19.93541667,45.05709457,4279
2024/1/1,110.4479167,19.93541667,38.61339188,4275
2024/1/1,110.4520833,19.93541667,36.48608398,4275
2024/1/1,110.45625,19.93541667,25.49688911,4272
2024/1/1,110.4604167,19.93541667,18.1287384,4268
2024/1/1,110.4645833,19.93541667,18.22191238,4268
2024/1/1,110.46875,19.93541667,61.71161652,4265
2024/1/1,110.4729167,19.93541667,61.60161591,4265
2024/1/1,109.69375,19.93125,16.86608887,4631
2024/1/1,109.6979167,19.93125,16.56268883,4631
2024/1/1,109.6729167,19.92708333,1.426940918,4641
2024/1/1,109.6770833,19.92708333,2.304325819,4641
2024/1/1,109.68125,19.92708333,6.311826229,4638
2024/1/1,109.6645833,19.92291667,3.519584656,4644
2024/1/1,109.66875,19.92291667,3.545334101,4644
2024/1/1,109.6729167,19.92291667,2.332684755,4641
2024/1/1,109.6770833,19.92291667,2.310281992,4641
2024/1/1,109.68125,19.92291667,6.033000469,4638
2024/1/1,109.6854167,19.92291667,21.9064579,4634
2024/1/1,109.66875,19.91875,3.495459318,4644
2024/1/1,109.6729167,19.91875,6.405685425,4641
2024/1/1,109.68125,19.91875,18.28441048,4638
2024/1/1,109.66875,19.91458333,11.1106739,4644
2024/1/1,109.6729167,19.91458333,20.12136078,4641
2024/1/1,109.6770833,19.91458333,32.98072052,4638
2024/1/1,109.68125,19.91458333,32.98661423,4638
2024/1/1,109.6854167,19.91458333,39.066082,4634
2024/1/1,109.66875,19.91041667,20.11948395,4641
2024/1/1,109.6729167,19.91041667,20.23303986,4641
2024/1/1,109.6770833,19.91041667,33.12749481,4638
2024/1/1,109.68125,19.91041667,32.99415207,4638
2024/1/1,109.6854167,19.91041667,45.17215347,4634
2024/1/1,109.6729167,19.90625,12.89367485,4641
2024/1/1,109.6770833,19.90625,26.95970917,4638
2024/1/1,109.68125,19.90625,26.9637146,4638
2024/1/1,109.6770833,19.90208333,26.72893143,4638
2024/1/1,109.68125,19.90208333,26.85722923,4638
2024/1/1,109.6770833,19.89791667,22.20297813,4638
2024/1/1,109.68125,19.89791667,22.61639595,4638
2024/1/1,109.5270833,19.89375,6.31782341,4706
2024/1/1,109.53125,19.89375,5.249240875,4702
2024/1/1,109.5270833,19.88958333,7.228066921,4702
2024/1/1,110.4645833,19.88958333,2.846801758,4265
2024/1/1,110.4645833,19.88541667,4.591209412,4261
2024/1/1,110.46875,19.88541667,2.453739405,4257
2024/1/1,109.6395833,19.88125,0.927763224,4654
2024/1/1,110.46875,19.88125,4.153347492,4257
2024/1/1,109.64375,19.87708333,0.87625581,4647
2024/1/1,110.4729167,19.87708333,4.198259354,4257
2024/1/1,109.9229167,19.84791667,3.695358038,4522
2024/1/1,109.9229167,19.84375,5.274457455,4518
2024/1/1,109.9270833,19.84375,3.253043175,4515
2024/1/1,109.93125,19.84375,3.199001074,4515
2024/1/1,109.9229167,19.83958333,7.658408165,4518
2024/1/1,109.9270833,19.83958333,7.220267296,4515
2024/1/1,110.5145833,19.82708333,0.895070553,4232
2024/1/1,110.5104167,19.82291667,3.466986656,4232
2024/1/1,110.5104167,19.81875,3.994672775,4232
2024/1/1,110.6729167,19.81875,1.387622476,4152
2024/1/1,110.6770833,19.80625,4.888661385,4149
2024/1/1,110.68125,19.80625,13.16143417,4145
2024/1/1,110.6854167,19.80625,12.72134304,4145
2024/1/1,110.6895833,19.80625,5.353483677,4142
2024/1/1,110.68125,19.80208333,17.13644028,4145
2024/1/1,110.6895833,19.80208333,5.243348598,4142
2024/1/1,110.68125,19.79791667,17.10097885,4145
2024/1/1,109.1770833,19.77708333,29.23159218,4846
2024/1/1,109.18125,19.77708333,29.65294838,4846
2024/1/1,109.1854167,19.77708333,21.24423599,4843
2024/1/1,109.1979167,19.77708333,25.0598259,4837
2024/1/1,109.2020833,19.77708333,25.30729294,4837
2024/1/1,109.1770833,19.77291667,39.16146469,4846
2024/1/1,109.18125,19.77291667,54.70552063,4843
2024/1/1,109.1979167,19.77291667,25.15586472,4837
2024/1/1,109.2020833,19.77291667,15.08527565,4834
2024/1/1,109.1770833,19.76875,38.58232498,4846
2024/1/1,109.18125,19.76875,50.9017601,4843
2024/1/1,109.1854167,19.76875,53.02929688,4843
2024/1/1,109.1895833,19.76875,65.85726929,4840
2024/1/1,109.19375,19.76875,66.0869751,4840
2024/1/1,109.1979167,19.76875,36.90233231,4837
2024/1/1,109.2020833,19.76875,24.0050106,4834
2024/1/1,109.20625,19.76875,23.37530136,4834
2024/1/1,109.18125,19.76458333,25.65388107,4843
2024/1/1,109.1854167,19.76458333,26.46413422,4843
2024/1/1,109.2020833,19.76458333,24.04707527,4834
2024/1/1,109.20625,19.76458333,23.20895958,4834
2024/1/1,109.1854167,19.76041667,26.03609657,4843
2024/1/1,109.1979167,19.76041667,26.80476189,4837
2024/1/1,110.00625,19.76041667,33.28551102,4474
2024/1/1,109.1854167,19.75625,52.23959732,4843
2024/1/1,110.0020833,19.75625,18.36027336,4474
2024/1/1,109.1895833,19.75208333,29.31762886,4840
2024/1/1,109.9979167,19.75208333,10.04556274,4478
2024/1/1,110.0020833,19.75208333,18.60193253,4474
2024/1/1,110.00625,19.75208333,18.42223549,4474
2024/1/1,109.18125,19.74791667,29.31344414,4843
2024/1/1,109.1854167,19.74791667,25.34731865,4840
2024/1/1,109.1895833,19.74791667,25.72474098,4840
2024/1/1,109.1979167,19.74791667,25.68657875,4837
2024/1/1,109.2104167,19.74791667,24.03849983,4831
2024/1/1,109.2145833,19.74791667,26.52607155,4828
2024/1/1,109.21875,19.74791667,27.38438797,4825
2024/1/1,109.46875,19.74791667,0.214110121,4718
2024/1/1,109.4729167,19.74791667,0,4715
2024/1/1,110.0020833,19.74791667,28.84630394,4474
2024/1/1,110.0104167,19.74791667,9.982522964,4471
2024/1/1,110.0145833,19.74791667,5.61345005,4468
2024/1/1,109.19375,19.74375,27.62448692,4837
2024/1/1,109.1979167,19.74375,37.48770523,4834
2024/1/1,109.2020833,19.74375,24.19874191,4834
2024/1/1,109.20625,19.74375,24.14213371,4831
2024/1/1,109.2104167,19.74375,24.20336151,4831
2024/1/1,109.2854167,19.74375,3.603630066,4796
2024/1/1,109.4770833,19.74375,1.490175724,4712
2024/1/1,109.99375,19.74375,18.36550903,4478
2024/1/1,109.9979167,19.74375,30.67541885,4474
2024/1/1,110.0020833,19.74375,30.58283806,4474
2024/1/1,110.0145833,19.74375,5.649690628,4468
2024/1/1,110.04375,19.74375,0.565420449,4454
2024/1/1,110.0479167,19.74375,0.829741657,4451
2024/1/1,109.18125,19.73958333,33.89314651,4843
2024/1/1,109.1854167,19.73958333,28.12528419,4840
2024/1/1,109.1895833,19.73958333,28.41649818,4840
2024/1/1,109.1979167,19.73958333,38.13414383,4834
2024/1/1,109.2020833,19.73958333,37.95210266,4834
2024/1/1,109.20625,19.73958333,45.73518372,4831
2024/1/1,109.2104167,19.73958333,45.94427872,4831
2024/1/1,109.28125,19.73958333,4.680755138,4799
2024/1/1,109.2854167,19.73958333,4.730081081,4796
2024/1/1,109.99375,19.73958333,18.26261711,4478
2024/1/1,109.9979167,19.73958333,40.57287979,4474
2024/1/1,110.0145833,19.73958333,15.5203495,4468
2024/1/1,109.1854167,19.73541667,22.68062019,4840
2024/1/1,109.1895833,19.73541667,22.81102943,4840
2024/1/1,109.19375,19.73541667,22.31872559,4837
2024/1/1,109.1979167,19.73541667,34.38844299,4834
2024/1/1,109.2020833,19.73541667,34.42045212,4834
2024/1/1,109.20625,19.73541667,24.7498436,4831
2024/1/1,109.2104167,19.73541667,14.86472607,4828
2024/1/1,109.4354167,19.73541667,3.425717592,4731
2024/1/1,109.9979167,19.73541667,34.54109573,4474
2024/1/1,110.0020833,19.73541667,31.62451172,4474
2024/1/1,110.00625,19.73541667,20.44308281,4471
2024/1/1,110.0104167,19.73541667,21.85871696,4471
2024/1/1,110.0145833,19.73541667,15.91365433,4468
2024/1/1,109.1979167,19.73125,34.20281219,4834
2024/1/1,109.2020833,19.73125,34.03358459,4834
2024/1/1,109.20625,19.73125,24.51322937,4831
2024/1/1,109.43125,19.73125,2.994346619,4731
2024/1/1,109.99375,19.73125,5.210081577,4474
2024/1/1,110.0020833,19.73125,31.49842644,4474
2024/1/1,110.00625,19.73125,20.76708603,4471
2024/1/1,110.0104167,19.73125,9.135705948,4468
2024/1/1,110.0145833,19.73125,9.137807846,4468
2024/1/1,109.63125,19.72708333,0.59829706,4644
2024/1/1,109.9979167,19.72708333,10.95332813,4471
2024/1/1,110.0020833,19.72708333,11.0407114,4471
2024/1/1,110.00625,19.72708333,10.25139141,4467
2024/1/1,110.0104167,19.72708333,6.786462784,4464
2024/1/1,110.0145833,19.72708333,6.835436821,4464
2024/1/1,110.01875,19.72708333,6.849268436,4461
2024/1/1,110.0229167,19.72708333,7.01340723,4461
2024/1/1,110.2520833,19.72708333,1.404636741,4352
2024/1/1,110.25625,19.72708333,1.034107804,4352
2024/1/1,110.34375,19.72708333,0.567608535,4308
2024/1/1,110.35625,19.72708333,0.866743982,4301
2024/1/1,109.6354167,19.72291667,1.237420201,4641
2024/1/1,109.6854167,19.72291667,0.248218685,4617
2024/1/1,109.9979167,19.72291667,9.288846016,4471
2024/1/1,110.0020833,19.72291667,8.874154091,4471
2024/1/1,110.00625,19.72291667,9.616890907,4467
2024/1/1,110.0104167,19.72291667,4.716074467,4464
2024/1/1,110.01875,19.72291667,6.132654667,4461
2024/1/1,110.3479167,19.72291667,0.710984707,4304
2024/1/1,110.3520833,19.72291667,0.807900369,4301
2024/1/1,110.3604167,19.72291667,0.476099342,4297
2024/1/1,109.6895833,19.71875,0.264863074,4613
2024/1/1,109.69375,19.71875,0.265979469,4613
2024/1/1,110.30625,19.71875,0.229967207,4326
2024/1/1,110.3104167,19.71875,0.226011619,4323
2024/1/1,110.3145833,19.71875,1.158154011,4323
2024/1/1,110.31875,19.71875,1.597510934,4319
2024/1/1,110.3270833,19.71875,1.300428033,4315
2024/1/1,110.33125,19.71875,1.193326592,4312
2024/1/1,110.3604167,19.71875,0.32871452,4297
2024/1/1,109.2145833,19.71458333,33.45946884,4825
2024/1/1,109.21875,19.71458333,24.9227581,4822
2024/1/1,109.23125,19.71458333,8.504594803,4819
2024/1/1,109.2354167,19.71458333,7.467238903,4815
2024/1/1,109.3104167,19.71458333,4.580134392,4783
2024/1/1,109.6895833,19.71458333,1.46065712,4613
2024/1/1,109.69375,19.71458333,1.605644584,4613
2024/1/1,109.6979167,19.71458333,1.623456955,4610
2024/1/1,110.3104167,19.71458333,0.850563049,4323
2024/1/1,110.3145833,19.71458333,1.125229597,4319
2024/1/1,110.3229167,19.71458333,2.917372465,4315
2024/1/1,110.3270833,19.71458333,2.920023203,4315
2024/1/1,110.3645833,19.71458333,0.990068913,4297
2024/1/1,109.21875,19.71041667,25.0147686,4822
2024/1/1,109.2229167,19.71041667,9.479175568,4819
2024/1/1,109.2270833,19.71041667,9.3229599,4819
2024/1/1,109.23125,19.71041667,7.570240974,4815
2024/1/1,109.69375,19.71041667,6.304410458,4613
2024/1/1,109.6979167,19.71041667,13.48476124,4610
2024/1/1,109.71875,19.71041667,1.316988707,4600
2024/1/1,110.3104167,19.71041667,1.941350937,4323
2024/1/1,110.3145833,19.71041667,4.607797623,4319
2024/1/1,110.31875,19.71041667,4.500127316,4319
2024/1/1,110.3229167,19.71041667,11.06603241,4315
2024/1/1,110.3270833,19.71041667,11.81789684,4315
2024/1/1,110.3604167,19.71041667,1.583841205,4297
2024/1/1,109.2145833,19.70625,57.21691132,4822
2024/1/1,109.21875,19.70625,56.72566986,4822
2024/1/1,109.2229167,19.70625,27.00113487,4819
2024/1/1,109.23125,19.70625,8.98633194,4815
2024/1/1,109.7229167,19.70625,1.019753456,4600
2024/1/1,110.30625,19.70625,6.334673405,4323
2024/1/1,110.3104167,19.70625,1.946764469,4323
2024/1/1,110.3145833,19.70625,4.541918755,4319
2024/1/1,110.3229167,19.70625,11.95226669,4315
2024/1/1,110.3270833,19.70625,12.08731651,4315
2024/1/1,110.33125,19.70625,5.000237465,4312
2024/1/1,110.3354167,19.70625,3.337071419,4308
2024/1/1,109.2145833,19.70208333,52.0018425,4822
2024/1/1,109.21875,19.70208333,52.2420311,4822
2024/1/1,109.2229167,19.70208333,31.01881218,4819
2024/1/1,109.2270833,19.70208333,32.19307327,4819
2024/1/1,109.23125,19.70208333,9.920313835,4815
2024/1/1,110.3104167,19.70208333,5.555373192,4323
2024/1/1,110.3145833,19.70208333,24.92443466,4319
2024/1/1,110.31875,19.70208333,24.33562851,4319
2024/1/1,110.3229167,19.70208333,33.56596756,4315
2024/1/1,110.3270833,19.70208333,37.12930679,4315
2024/1/1,110.33125,19.70208333,15.73062038,4312
2024/1/1,110.3354167,19.70208333,7.021365166,4308
2024/1/1,109.2145833,19.69791667,53.54701614,4822
2024/1/1,109.21875,19.69791667,52.11146927,4822
2024/1/1,110.26875,19.69791667,0.476251841,4337
2024/1/1,110.2729167,19.69791667,0.400302202,4337
2024/1/1,110.2770833,19.69791667,1.101756454,4337
2024/1/1,110.28125,19.69791667,1.151754737,4333
2024/1/1,110.3104167,19.69791667,13.43708992,4323
2024/1/1,110.3145833,19.69791667,15.60546112,4319
2024/1/1,110.31875,19.69791667,24.54621124,4319
2024/1/1,110.3229167,19.69791667,37.18215561,4315
2024/1/1,110.3270833,19.69791667,16.85922623,4312
2024/1/1,110.33125,19.69791667,16.49572945,4312
2024/1/1,110.3395833,19.69791667,7.618063927,4308
2024/1/1,110.34375,19.69791667,9.215197563,4304
2024/1/1,110.3479167,19.69791667,9.18874836,4304
2024/1/1,110.3520833,19.69791667,3.495404482,4301
2024/1/1,109.2145833,19.69375,22.88512421,4822
2024/1/1,109.21875,19.69375,23.57586479,4822
2024/1/1,110.31875,19.69375,32.46104431,4315
2024/1/1,110.3229167,19.69375,31.75439453,4315
2024/1/1,110.3270833,19.69375,26.96317673,4312
2024/1/1,110.34375,19.69375,20.2072525,4304
2024/1/1,109.2145833,19.68958333,15.50155449,4822
2024/1/1,109.21875,19.68958333,14.1106472,4819
2024/1/1,109.23125,19.68958333,7.265678883,4815
2024/1/1,109.3145833,19.68958333,1.437098861,4780
2024/1/1,110.3395833,19.68958333,29.22253609,4304
2024/1/1,110.34375,19.68958333,37.38587189,4301
2024/1/1,110.3479167,19.68958333,12.98680019,4301
2024/1/1,110.3520833,19.68958333,13.71041012,4301
2024/1/1,110.35625,19.68958333,12.83643436,4297
2024/1/1,109.2145833,19.68541667,15.80056095,4822
2024/1/1,109.21875,19.68541667,14.60656452,4819
2024/1/1,110.34375,19.68541667,37.43501282,4301
2024/1/1,110.3479167,19.68541667,54.66372299,4297
2024/1/1,110.3520833,19.68541667,56.09538651,4297
2024/1/1,110.3395833,19.68125,29.25446129,4301
2024/1/1,110.34375,19.68125,29.5192852,4301
2024/1/1,110.3479167,19.68125,33.41745377,4297
2024/1/1,109.30625,19.67708333,1.169376373,4780
2024/1/1,110.3479167,19.67708333,11.17431927,4297
2024/1/1,110.3520833,19.67708333,33.00803375,4297
2024/1/1,110.3520833,19.67291667,12.15896225,4297
2024/1/1,110.35625,19.66875,7.777431965,4293
2024/1/1,110.3604167,19.66458333,4.495513916,4290
2024/1/1,110.86875,19.64791667,0.906396449,4032
2024/1/1,110.8729167,19.64791667,0.810458302,4032
2024/1/1,110.7354167,19.63958333,4.316678524,4100
2024/1/1,110.74375,19.63958333,2.990738153,4092
2024/1/1,110.7270833,19.63541667,3.290630102,4104
2024/1/1,110.7395833,19.63541667,17.0771389,4096
2024/1/1,110.74375,19.63541667,19.6054039,4092
2024/1/1,110.7479167,19.63541667,19.0559597,4092
2024/1/1,110.7520833,19.63541667,3.554830551,4089
2024/1/1,110.7479167,19.63125,19.14411354,4092
2024/1/1,110.7520833,19.63125,17.2992382,4089
2024/1/1,110.75625,19.63125,17.30389404,4089
2024/1/1,110.7395833,19.62708333,7.716207981,4096
2024/1/1,110.74375,19.62708333,13.36680031,4092
2024/1/1,110.7479167,19.62708333,13.79916954,4092
2024/1/1,110.7520833,19.62708333,17.39240074,4089
2024/1/1,110.75625,19.62708333,28.03869629,4085
2024/1/1,110.7479167,19.62291667,14.57714844,4092
2024/1/1,110.7520833,19.62291667,16.68305206,4089
2024/1/1,110.75625,19.62291667,27.22870064,4085
2024/1/1,109.2145833,19.61875,1.370609999,4819
2024/1/1,110.7479167,19.61875,26.87439346,4089
2024/1/1,110.7520833,19.61875,26.56050301,4089
2024/1/1,109.2145833,19.61458333,1.43261075,4819
2024/1/1,110.74375,19.61458333,18.94446754,4092
2024/1/1,110.7479167,19.61458333,34.88378143,4089
2024/1/1,110.7520833,19.61458333,27.32360649,4089
2024/1/1,109.20625,19.61041667,1.422912121,4822
2024/1/1,110.7479167,19.61041667,34.50763321,4089
2024/1/1,110.7520833,19.61041667,34.87787628,4089
2024/1/1,110.75625,19.61041667,20.65526962,4085
2024/1/1,110.7479167,19.60625,50.75521088,4089
2024/1/1,110.7520833,19.60625,50.85077667,4089
2024/1/1,110.7520833,19.59791667,36.33856583,4089
2024/1/1,110.7520833,19.59375,33.40528488,4085
2024/1/1,110.8145833,19.56875,7.059907436,4051
2024/1/1,109.4479167,19.56458333,0.776488543,4709
2024/1/1,110.31875,19.56458333,0.01,4300
2024/1/1,110.8145833,19.56458333,6.666930676,4051
2024/1/1,109.4479167,19.56041667,0.541759133,4709
2024/1/1,109.45625,19.56041667,0.420410186,4706
2024/1/1,110.7979167,19.56041667,7.413279533,4058
2024/1/1,110.8020833,19.56041667,7.21334219,4058
2024/1/1,110.8104167,19.56041667,6.481460094,4055
2024/1/1,109.4479167,19.55625,0.451232493,4709
2024/1/1,110.3229167,19.55625,5.622719765,4300
2024/1/1,110.7979167,19.55625,11.29977989,4058
2024/1/1,110.8020833,19.55625,11.54364586,4058
2024/1/1,110.79375,19.55208333,11.38506222,4062
2024/1/1,110.8020833,19.55208333,20.57087135,4058
2024/1/1,110.8229167,19.55208333,5.775234222,4047
2024/1/1,110.8229167,19.54791667,6.894542694,4047
2024/1/1,109.55625,19.54375,3.941695452,4660
2024/1/1,109.5604167,19.54375,4.874830723,4657
2024/1/1,110.8145833,19.54375,8.268195152,4051
2024/1/1,109.55625,19.53958333,9.5096035,4660
2024/1/1,109.5604167,19.53958333,13.80909252,4657
2024/1/1,109.5645833,19.53958333,20.21284294,4654
2024/1/1,109.5729167,19.53958333,27.15263367,4651
2024/1/1,109.5770833,19.53958333,27.11921692,4651
2024/1/1,109.5604167,19.53541667,26.60395432,4657
2024/1/1,109.5645833,19.53541667,40.34164047,4654
2024/1/1,109.56875,19.53541667,20.26529884,4654
2024/1/1,109.5729167,19.53541667,27.05115509,4651
2024/1/1,109.5770833,19.53541667,27.05307579,4651
2024/1/1,109.5895833,19.53541667,46.30789185,4644
2024/1/1,109.5604167,19.53125,26.34998703,4657
2024/1/1,109.5645833,19.53125,41.49868774,4654
2024/1/1,109.56875,19.53125,41.6643219,4654
2024/1/1,109.5729167,19.53125,74.01017761,4651
2024/1/1,109.5770833,19.53125,73.66701508,4651
2024/1/1,109.5895833,19.53125,42.12042618,4644
2024/1/1,109.60625,19.53125,31.00746727,4634
2024/1/1,109.54375,19.52708333,26.52238464,4663
2024/1/1,109.5604167,19.52708333,43.72692871,4657
2024/1/1,109.5729167,19.52708333,61.32162857,4651
2024/1/1,109.5770833,19.52708333,61.32691193,4647
2024/1/1,109.6104167,19.52708333,29.39167976,4634
2024/1/1,109.5354167,19.52291667,21.51058388,4667
2024/1/1,109.5395833,19.52291667,22.6082077,4667
2024/1/1,109.54375,19.52291667,44.05681992,4664
2024/1/1,109.5604167,19.52291667,43.66996384,4657
2024/1/1,109.5645833,19.52291667,55.17120743,4654
2024/1/1,109.56875,19.52291667,55.15439224,4654
2024/1/1,109.5729167,19.52291667,60.97074509,4651
2024/1/1,109.5770833,19.52291667,60.00570297,4647
2024/1/1,109.4854167,19.51875,0.443801582,4689
2024/1/1,109.4979167,19.51875,0.862309039,4683
2024/1/1,109.5354167,19.51875,24.27571869,4667
2024/1/1,109.5395833,19.51875,22.16849709,4667
2024/1/1,109.54375,19.51875,43.61001205,4664
2024/1/1,109.5604167,19.51875,81.64086151,4657
2024/1/1,109.5645833,19.51875,110.9988785,4654
2024/1/1,109.56875,19.51875,68.87779999,4651
2024/1/1,109.5729167,19.51875,69.30774689,4651
2024/1/1,109.5770833,19.51875,55.83309555,4647
2024/1/1,109.5895833,19.51875,38.76372528,4644
2024/1/1,109.59375,19.51875,25.71138,4641
2024/1/1,109.4854167,19.51458333,3.62191844,4689
2024/1/1,109.4979167,19.51458333,3.991890192,4683
2024/1/1,109.5354167,19.51458333,24.49812126,4667
2024/1/1,109.5395833,19.51458333,29.3075695,4664
2024/1/1,109.54375,19.51458333,29.16273499,4664
2024/1/1,109.5479167,19.51458333,25.10762978,4660
2024/1/1,109.5520833,19.51458333,25.15076637,4660
2024/1/1,109.55625,19.51458333,34.91740036,4657
2024/1/1,109.5895833,19.51458333,27.22305489,4641
2024/1/1,109.59375,19.51458333,27.29171944,4641
2024/1/1,108.94375,19.51041667,4.006057262,4923
2024/1/1,109.5354167,19.51041667,16.58400154,4667
2024/1/1,109.5395833,19.51041667,31.8652401,4664
2024/1/1,109.54375,19.51041667,32.11527634,4664
2024/1/1,109.5479167,19.51041667,18.10938454,4660
2024/1/1,109.55625,19.51041667,35.05298996,4657
2024/1/1,108.9395833,19.50625,4.546802998,4923
2024/1/1,108.94375,19.50625,8.173751831,4920
2024/1/1,108.9479167,19.50625,8.24790287,4920
2024/1/1,108.9520833,19.50625,4.594464302,4917
2024/1/1,108.9270833,19.50208333,3.314090729,4929
2024/1/1,108.93125,19.50208333,1.410180569,4926
2024/1/1,109.5770833,19.50208333,22.58206749,4647
2024/1/1,109.58125,19.50208333,15.2116518,4644
2024/1/1,108.9229167,19.49791667,3.379945993,4929
2024/1/1,108.9270833,19.49791667,3.146644831,4929
2024/1/1,108.93125,19.49375,2.873176813,4926
2024/1/1,110.4395833,19.48958333,0,4235
2024/1/1,110.44375,19.48958333,0,4235
2024/1/1,110.4354167,19.48541667,0.24509266,4239
2024/1/1,110.44375,19.48541667,0.531226099,4235
2024/1/1,110.43125,19.48125,0.632921517,4239
2024/1/1,110.4354167,19.48125,0.578885674,4239
2024/1/1,110.4395833,19.48125,2.378585339,4235
2024/1/1,110.44375,19.47708333,2.981010675,4235
2024/1/1,108.8979167,19.46458333,90.05141449,4939
2024/1/1,108.9020833,19.46458333,90.12924194,4939
2024/1/1,108.9020833,19.46041667,92.90428925,4939
2024/1/1,109.35625,19.46041667,1.239512086,4741
2024/1/1,109.3520833,19.45625,2.7035079,4744
2024/1/1,109.0104167,19.45208333,0.843603015,4891
2024/1/1,108.8145833,19.42708333,6.411096573,4968
2024/1/1,108.8104167,19.42291667,3.49507308,4971
2024/1/1,108.7604167,19.38125,0.483046591,4989
2024/1/1,110.09375,19.38125,12.86659718,4393
2024/1/1,110.0979167,19.38125,25.12909508,4390
2024/1/1,108.7604167,19.37708333,0.325642705,4989
2024/1/1,110.09375,19.37708333,14.02531624,4393
2024/1/1,110.0979167,19.37708333,35.69005966,4390
2024/1/1,110.1020833,19.37708333,36.42345428,4390
2024/1/1,110.10625,19.37708333,14.30348015,4387
2024/1/1,110.0979167,19.37291667,34.55514145,4390
2024/1/1,110.1020833,19.37291667,35.58745956,4390
2024/1/1,110.10625,19.37291667,13.44098949,4387
2024/1/1,110.1020833,19.36875,13.75067616,4387
2024/1/1,108.69375,19.36458333,2.034405708,5017
2024/1/1,110.1020833,19.36458333,15.20638275,4387
2024/1/1,108.6895833,19.35625,0.826181829,5017
2024/1/1,108.69375,19.35625,0.816507459,5017
2024/1/1,110.0854167,19.35625,6.567707062,4397
2024/1/1,108.6770833,19.33125,4.916541576,5019
2024/1/1,108.8020833,19.32708333,5.867099285,4965
2024/1/1,108.80625,19.32708333,5.368201256,4965
2024/1/1,108.7979167,19.32291667,5.932426929,4968
2024/1/1,109.2354167,19.31875,0.610765874,4783
2024/1/1,109.2395833,19.31458333,0.490180999,4780
2024/1/1,109.24375,19.31458333,0.450995862,4780
2024/1/1,109.2479167,19.31458333,0.529378653,4777
2024/1/1,109.2395833,19.31041667,4.416656017,4780
2024/1/1,108.68125,19.30625,1.450628042,5016
2024/1/1,108.6895833,19.30625,5.201146126,5010
2024/1/1,110.61875,19.30625,0.564154267,4123
2024/1/1,110.6229167,19.30625,0.712985575,4123
2024/1/1,110.6270833,19.30625,0.793755412,4119
2024/1/1,108.68125,19.30208333,2.820051193,5013
2024/1/1,108.79375,19.29791667,1.394977808,4968
2024/1/1,109.0479167,19.29791667,41.49338531,4861
2024/1/1,109.0520833,19.29791667,17.89786339,4858
2024/1/1,108.6729167,19.29375,0,5016
2024/1/1,108.7854167,19.29375,1.433661699,4971
2024/1/1,108.7895833,19.29375,1.75916791,4968
2024/1/1,109.0479167,19.29375,77.69364929,4861
2024/1/1,109.0520833,19.29375,47.26079559,4858
2024/1/1,108.7854167,19.28958333,12.17246246,4971
2024/1/1,108.7895833,19.28958333,11.99696255,4968
2024/1/1,109.0479167,19.28958333,35.29944229,4861
2024/1/1,109.0520833,19.28958333,48.29893494,4858
2024/1/1,108.65625,19.28541667,0.577307105,5025
2024/1/1,108.78125,19.28541667,7.957039356,4971
2024/1/1,108.7854167,19.28541667,9.0903368,4971
2024/1/1,109.0520833,19.28541667,69.49211121,4858
2024/1/1,109.05625,19.28541667,67.65013123,4858
2024/1/1,108.6395833,19.28125,0.311567396,5031
2024/1/1,108.64375,19.28125,0.01,5028
2024/1/1,108.6479167,19.28125,0.353182644,5028
2024/1/1,108.6520833,19.28125,0.34019962,5025
2024/1/1,108.65625,19.28125,0.47902295,5025
2024/1/1,108.6604167,19.28125,0.098841369,5022
2024/1/1,109.0520833,19.28125,74.19367218,4858
2024/1/1,109.05625,19.28125,30.0589962,4855
2024/1/1,108.64375,19.27708333,0.650586903,5028
2024/1/1,108.6479167,19.27708333,0,5028
2024/1/1,108.6520833,19.27708333,0,5025
2024/1/1,108.65625,19.27708333,0,5022
2024/1/1,108.6604167,19.27708333,0.656788111,5022
2024/1/1,109.0479167,19.27708333,21.34418106,4861
2024/1/1,109.0520833,19.27708333,73.68333435,4858
2024/1/1,109.05625,19.27708333,30.06406212,4855
2024/1/1,109.0604167,19.27708333,30.34641457,4855
2024/1/1,108.6354167,19.27291667,0.525236189,5031
2024/1/1,108.6395833,19.27291667,0.349521756,5031
2024/1/1,108.64375,19.27291667,0.357296944,5028
2024/1/1,108.6479167,19.27291667,0.316973627,5028
2024/1/1,108.6520833,19.27291667,0.806933641,5025
2024/1/1,108.6770833,19.27291667,0.240054771,5016
2024/1/1,109.04375,19.27291667,16.14737892,4861
2024/1/1,109.0479167,19.27291667,34.09407043,4858
2024/1/1,109.0520833,19.27291667,38.03905487,4858
2024/1/1,109.05625,19.27291667,24.98889923,4855
2024/1/1,109.0604167,19.27291667,25.25658226,4855
2024/1/1,108.6395833,19.26875,0.445842087,5031
2024/1/1,108.64375,19.26875,0.173655525,5028
2024/1/1,108.6479167,19.26875,0.317688197,5025
2024/1/1,108.6520833,19.26875,0.420151949,5025
2024/1/1,109.04375,19.26875,16.38143349,4861
2024/1/1,109.0479167,19.26875,29.68705177,4858
2024/1/1,109.0520833,19.26875,38.10181046,4858
2024/1/1,109.05625,19.26875,27.0836277,4855
2024/1/1,109.0604167,19.26875,25.17471695,4855
2024/1/1,108.6395833,19.26458333,0.581701577,5032
2024/1/1,108.64375,19.26458333,0.691281438,5028
2024/1/1,108.6895833,19.26458333,0.626507699,5010
2024/1/1,108.69375,19.26458333,0.267313361,5007
2024/1/1,108.7229167,19.26458333,0.971342206,4995
2024/1/1,109.0395833,19.26458333,16.49149323,4861
2024/1/1,109.04375,19.26458333,16.47029877,4861
2024/1/1,109.0479167,19.26458333,30.77547836,4858
2024/1/1,109.0520833,19.26458333,31.09649277,4858
2024/1/1,109.05625,19.26458333,40.99561691,4855
2024/1/1,109.0604167,19.26458333,41.28411102,4855
2024/1/1,109.0645833,19.26458333,14.68464184,4852
2024/1/1,110.4729167,19.26458333,8.956991196,4196
2024/1/1,108.6354167,19.26041667,0.252603948,5032
2024/1/1,108.64375,19.26041667,0,5028
2024/1/1,108.6479167,19.26041667,0.196318716,5025
2024/1/1,108.6520833,19.26041667,0.126047865,5025
2024/1/1,108.7145833,19.26041667,0.806955695,4998
2024/1/1,108.74375,19.26041667,1.55418396,4986
2024/1/1,108.75625,19.26041667,7.898970604,4980
2024/1/1,108.8229167,19.26041667,3.145606041,4953
2024/1/1,109.04375,19.26041667,13.55786991,4861
2024/1/1,109.0479167,19.26041667,37.84302139,4858
2024/1/1,109.0520833,19.26041667,38.16511536,4858
2024/1/1,109.05625,19.26041667,20.11256599,4855
2024/1/1,109.0604167,19.26041667,10.43217945,4852
2024/1/1,110.4729167,19.26041667,8.874773979,4196
2024/1/1,110.4770833,19.26041667,6.474020004,4192
2024/1/1,108.6520833,19.25625,0.083833903,5026
2024/1/1,108.68125,19.25625,3.923938751,5013
2024/1/1,108.7145833,19.25625,0.994308829,4998
2024/1/1,108.71875,19.25625,0.563737333,4998
2024/1/1,108.7229167,19.25625,0.923845232,4995
2024/1/1,108.7270833,19.25625,0.56044513,4992
2024/1/1,108.7354167,19.25625,0.512019932,4989
2024/1/1,108.7520833,19.25625,3.919880152,4983
2024/1/1,108.75625,19.25625,7.771711349,4980
2024/1/1,108.81875,19.25625,4.306985378,4956
2024/1/1,108.8395833,19.25625,2.957649469,4947
2024/1/1,108.84375,19.25625,3.664065361,4944
2024/1/1,108.8479167,19.25625,3.685379982,4944
2024/1/1,109.03125,19.25625,2.10440731,4867
2024/1/1,109.0354167,19.25625,5.228579521,4864
2024/1/1,109.0395833,19.25625,18.84519768,4861
2024/1/1,109.04375,19.25625,13.78572273,4861
2024/1/1,109.0479167,19.25625,39.11343765,4858
2024/1/1,109.0520833,19.25625,38.64011765,4858
2024/1/1,110.45625,19.25625,17.23381042,4203
2024/1/1,110.4645833,19.25625,27.24017906,4199
2024/1/1,110.46875,19.25625,27.0114212,4199
2024/1/1,110.4729167,19.25625,16.03509521,4196
2024/1/1,108.6354167,19.25208333,0,5032
2024/1/1,108.7145833,19.25208333,1.239758372,4998
2024/1/1,108.75625,19.25208333,2.95616889,4980
2024/1/1,108.7604167,19.25208333,2.638333559,4980
2024/1/1,108.7645833,19.25208333,2.176090479,4977
2024/1/1,108.8479167,19.25208333,7.284525871,4941
2024/1/1,109.0479167,19.25208333,19.53432465,4858
2024/1/1,109.0520833,19.25208333,5.680756569,4855
2024/1/1,110.45625,19.25208333,36.54460526,4203
2024/1/1,110.4604167,19.25208333,36.65744019,4203
2024/1/1,110.4645833,19.25208333,42.44812775,4199
2024/1/1,110.46875,19.25208333,23.97864151,4196
2024/1/1,110.4729167,19.25208333,16.23760033,4196
2024/1/1,110.4770833,19.25208333,9.968647957,4192
2024/1/1,108.7229167,19.24791667,7.187343597,4995
2024/1/1,108.75625,19.24791667,2.846307755,4980
2024/1/1,108.7604167,19.24791667,2.258990049,4980
2024/1/1,108.7645833,19.24791667,1.595287085,4977
2024/1/1,108.8479167,19.24791667,3.039489031,4941
2024/1/1,108.8520833,19.24791667,3.1162889,4941
2024/1/1,110.4520833,19.24791667,18.3992672,4203
2024/1/1,110.45625,19.24791667,35.27226257,4199
2024/1/1,110.4604167,19.24791667,36.39879227,4203
2024/1/1,110.4645833,19.24791667,41.97738266,4199
2024/1/1,110.46875,19.24791667,23.30974197,4196
2024/1/1,110.4729167,19.24791667,23.22920227,4196
2024/1/1,110.4770833,19.24791667,17.28570747,4192
2024/1/1,110.48125,19.24791667,19.17045021,4192
2024/1/1,109.03125,19.24375,1.871618986,4867
2024/1/1,110.4520833,19.24375,18.649683,4203
2024/1/1,110.45625,19.24375,35.48834991,4199
2024/1/1,110.4604167,19.24375,40.75803375,4196
2024/1/1,110.4645833,19.24375,40.98748398,4196
2024/1/1,110.46875,19.24375,33.43923187,4192
2024/1/1,110.4729167,19.24375,34.03887558,4192
2024/1/1,110.4770833,19.24375,34.75731277,4188
2024/1/1,110.48125,19.24375,35.40081406,4188
2024/1/1,108.7520833,19.23958333,2.465866566,4983
2024/1/1,109.0395833,19.23958333,1.86019969,4861
2024/1/1,109.04375,19.23958333,3.158451319,4861
2024/1/1,109.0479167,19.23958333,10.24022102,4858
2024/1/1,110.45625,19.23958333,58.61326981,4199
2024/1/1,110.4604167,19.23958333,55.35045624,4196
2024/1/1,110.4645833,19.23958333,56.05025864,4196
2024/1/1,110.46875,19.23958333,23.73545074,4192
2024/1/1,110.4729167,19.23958333,23.54391098,4192
2024/1/1,108.66875,19.23541667,1.009583473,5014
2024/1/1,108.6729167,19.23541667,0.673971176,5011
2024/1/1,108.6770833,19.23541667,0.807899296,5011
2024/1/1,108.68125,19.23541667,1.45016396,5008
2024/1/1,108.6854167,19.23541667,0.764475942,5008
2024/1/1,108.9395833,19.23541667,62.05607986,4902
2024/1/1,108.94375,19.23541667,62.20131302,4902
2024/1/1,109.0020833,19.23541667,7.825060368,4876
2024/1/1,109.00625,19.23541667,7.732632637,4876
2024/1/1,109.04375,19.23541667,0.996508241,4861
2024/1/1,110.45625,19.23541667,29.64307976,4199
2024/1/1,110.4604167,19.23541667,55.34922028,4196
2024/1/1,110.4645833,19.23541667,55.40465546,4196
2024/1/1,110.46875,19.23541667,25.30075836,4192
2024/1/1,108.6395833,19.23125,0.61048317,5026
2024/1/1,108.6645833,19.23125,1.096528769,5014
2024/1/1,108.66875,19.23125,1.145099759,5014
2024/1/1,108.68125,19.23125,2.797969818,5008
2024/1/1,110.45625,19.23125,30.04583549,4199
2024/1/1,110.4604167,19.23125,33.01036453,4196
2024/1/1,110.4645833,19.23125,33.03135681,4196
2024/1/1,110.46875,19.23125,35.94627762,4192
2024/1/1,110.4729167,19.23125,23.53856277,4188
2024/1/1,108.6729167,19.22708333,3.991789818,5011
2024/1/1,108.6770833,19.22708333,3.689051151,5011
2024/1/1,108.68125,19.22708333,2.973600149,5008
2024/1/1,109.4395833,19.22708333,18.17696762,4686
2024/1/1,109.44375,19.22708333,31.45285416,4682
2024/1/1,109.4479167,19.22708333,45.9586792,4679
2024/1/1,109.4520833,19.22708333,45.6778717,4679
2024/1/1,110.4604167,19.22708333,15.28836536,4196
2024/1/1,110.4645833,19.22708333,14.60159683,4196
2024/1/1,110.46875,19.22708333,20.99107742,4192
2024/1/1,108.6770833,19.22291667,2.583006144,5011
2024/1/1,109.4354167,19.22291667,37.26075745,4686
2024/1/1,109.4395833,19.22291667,30.12546921,4682
2024/1/1,109.44375,19.22291667,30.18308067,4682
2024/1/1,109.4479167,19.22291667,45.8824501,4679
2024/1/1,109.4520833,19.22291667,47.12392044,4679
2024/1/1,109.4395833,19.21875,30.27676392,4682
2024/1/1,109.44375,19.21875,30.28324127,4682
2024/1/1,109.4395833,19.21458333,29.31383324,4682
2024/1/1,109.0479167,19.21041667,2.070515871,4858
2024/1/1,108.6729167,19.13958333,10.28618336,5004
2024/1/1,108.6770833,19.13958333,17.11028862,5005
2024/1/1,108.6479167,19.11875,18.05380249,5014
2024/1/1,108.6854167,19.11875,14.41819,4998
2024/1/1,108.64375,19.11458333,27.67531776,5014
2024/1/1,108.6479167,19.11458333,27.53124809,5014
2024/1/1,108.6520833,19.11458333,30.87804985,5011
2024/1/1,108.65625,19.11458333,30.75650406,5011
2024/1/1,108.6604167,19.11458333,35.22683334,5007
2024/1/1,108.6645833,19.11458333,25.28107834,5007
2024/1/1,108.66875,19.11458333,30.31861496,5004
2024/1/1,108.6729167,19.11458333,16.38759995,5001
2024/1/1,108.6854167,19.11458333,19.10277939,4998
2024/1/1,108.6395833,19.11041667,9.646507263,5017
2024/1/1,108.64375,19.11041667,27.48077011,5014
2024/1/1,108.6479167,19.11041667,27.46805,5014
2024/1/1,108.6520833,19.11041667,30.87354469,5011
2024/1/1,108.65625,19.11041667,30.63237572,5011
2024/1/1,108.6604167,19.11041667,35.25159073,5007
2024/1/1,108.6645833,19.11041667,46.57754517,5004
2024/1/1,108.66875,19.11041667,46.69283676,5004
2024/1/1,108.6729167,19.11041667,22.89359093,5001
2024/1/1,108.6770833,19.11041667,23.25295258,5001
2024/1/1,108.68125,19.11041667,18.18930626,4998
2024/1/1,108.6854167,19.11041667,18.22125053,4998
2024/1/1,108.6354167,19.10625,18.35246468,5017
2024/1/1,108.6395833,19.10625,18.49944115,5017
2024/1/1,108.64375,19.10625,15.38855934,5014
2024/1/1,108.6479167,19.10625,15.38741875,5014
2024/1/1,108.6520833,19.10625,37.59191132,5011
2024/1/1,108.65625,19.10625,37.33676147,5011
2024/1/1,108.6604167,19.10625,42.63770676,5008
2024/1/1,108.6645833,19.10625,49.23567963,5004
2024/1/1,108.66875,19.10625,50.77532959,5004
2024/1/1,108.6729167,19.10625,39.67060471,5001
2024/1/1,108.6770833,19.10625,22.91865158,5001
2024/1/1,108.68125,19.10625,18.22409058,4998
2024/1/1,108.6854167,19.10625,13.77940559,4995
2024/1/1,108.6895833,19.10625,13.70759201,4995
2024/1/1,108.6270833,19.10208333,33.88414764,5020
2024/1/1,108.63125,19.10208333,33.69750214,5020
2024/1/1,108.6354167,19.10208333,31.84499359,5017
2024/1/1,108.6395833,19.10208333,31.9641037,5017
2024/1/1,108.64375,19.10208333,27.13091278,5014
2024/1/1,108.6479167,19.10208333,15.20477009,5014
2024/1/1,108.6520833,19.10208333,37.43542862,5011
2024/1/1,108.65625,19.10208333,42.6126442,5008
2024/1/1,108.6604167,19.10208333,42.57303619,5008
2024/1/1,108.6645833,19.10208333,49.16809464,5004
2024/1/1,108.66875,19.10208333,50.70056915,5004
2024/1/1,108.6729167,19.10208333,39.74941635,5001
2024/1/1,108.6770833,19.10208333,39.71247864,5001
2024/1/1,108.68125,19.10208333,51.0017395,4998
2024/1/1,108.6854167,19.10208333,27.64812851,4995
2024/1/1,108.6895833,19.10208333,27.77042198,4995
2024/1/1,108.69375,19.10208333,22.12365913,4992
2024/1/1,108.6979167,19.10208333,22.33320618,4992
2024/1/1,108.7020833,19.10208333,18.47608757,4989
2024/1/1,108.70625,19.10208333,18.46261787,4989
2024/1/1,108.7104167,19.10208333,21.54088974,4986
2024/1/1,108.61875,19.09791667,22.91892624,5023
2024/1/1,108.6229167,19.09791667,23.00273132,5023
2024/1/1,108.6270833,19.09791667,33.79414368,5020
2024/1/1,108.63125,19.09791667,33.66046143,5020
2024/1/1,108.6354167,19.09791667,31.91290665,5017
2024/1/1,108.6395833,19.09791667,31.86862946,5017
2024/1/1,108.64375,19.09791667,26.99843788,5014
2024/1/1,108.6479167,19.09791667,36.90752411,5011
2024/1/1,108.6520833,19.09791667,36.81225586,5011
2024/1/1,108.65625,19.09791667,67.75498199,5008
2024/1/1,108.6604167,19.09791667,67.61016083,5008
2024/1/1,108.6645833,19.09791667,46.67173386,5004
2024/1/1,108.66875,19.09791667,45.03149796,5004
2024/1/1,108.6729167,19.09791667,60.88142776,5001
2024/1/1,108.6770833,19.09791667,67.71340179,4998
2024/1/1,108.68125,19.09791667,67.62834167,4998
2024/1/1,108.6854167,19.09791667,27.29167557,4995
2024/1/1,108.6895833,19.09791667,27.86395073,4995
2024/1/1,108.69375,19.09791667,21.97912025,4992
2024/1/1,108.6979167,19.09791667,22.15147018,4992
2024/1/1,108.7020833,19.09791667,18.40222549,4989
2024/1/1,108.61875,19.09375,23.09995651,5023
2024/1/1,108.6229167,19.09375,22.96434784,5023
2024/1/1,108.6270833,19.09375,16.59265137,5020
2024/1/1,108.63125,19.09375,16.47511864,5020
2024/1/1,108.6354167,19.09375,29.07265472,5017
2024/1/1,108.6395833,19.09375,29.99392891,5017
2024/1/1,108.64375,19.09375,19.64124298,5014
2024/1/1,108.6479167,19.09375,33.51308823,5011
2024/1/1,108.6520833,19.09375,33.45987701,5011
2024/1/1,108.65625,19.09375,39.33200073,5008
2024/1/1,108.6604167,19.09375,67.54503632,5008
2024/1/1,108.6645833,19.09375,46.67547989,5004
2024/1/1,108.66875,19.09375,46.41031647,5004
2024/1/1,108.6729167,19.09375,63.17608261,5001
2024/1/1,108.6770833,19.09375,69.61502075,4998
2024/1/1,108.68125,19.09375,67.57845306,4998
2024/1/1,108.6854167,19.09375,19.47834396,4995
2024/1/1,108.6895833,19.09375,20.04984856,4995
2024/1/1,108.69375,19.09375,10.2402544,4992
2024/1/1,108.6979167,19.09375,10.47353649,4992
2024/1/1,108.6229167,19.08958333,15.47747898,5023
2024/1/1,108.6270833,19.08958333,13.30430412,5020
2024/1/1,108.63125,19.08958333,13.62346745,5020
2024/1/1,108.6354167,19.08958333,29.06739998,5017
2024/1/1,108.6395833,19.08958333,19.65452576,5014
2024/1/1,108.64375,19.08958333,19.58401871,5014
2024/1/1,108.6479167,19.08958333,32.43406296,5011
2024/1/1,108.6520833,19.08958333,33.50344467,5011
2024/1/1,108.65625,19.08958333,39.36182404,5008
2024/1/1,108.6604167,19.08958333,37.89313507,5008
2024/1/1,108.6645833,19.08958333,33.22618484,5005
2024/1/1,108.66875,19.08958333,34.37347031,5001
2024/1/1,108.6729167,19.08958333,34.59404755,5001
2024/1/1,108.6770833,19.08958333,25.12067604,4998
2024/1/1,108.68125,19.08958333,24.35251999,4998
2024/1/1,108.6854167,19.08958333,20.16558075,4995
2024/1/1,108.6270833,19.08541667,13.23256493,5020
2024/1/1,108.63125,19.08541667,14.06217861,5020
2024/1/1,108.6354167,19.08541667,16.03821945,5017
2024/1/1,108.6395833,19.08541667,13.32899475,5014
2024/1/1,108.64375,19.08541667,13.33383179,5014
2024/1/1,108.6479167,19.08541667,11.58538246,5011
2024/1/1,108.6520833,19.08541667,12.45604992,5011
2024/1/1,108.65625,19.08541667,9.893088341,5008
2024/1/1,108.6604167,19.08541667,9.530404091,5008
2024/1/1,108.6645833,19.08541667,16.34515762,5005
2024/1/1,108.66875,19.08541667,14.30708027,5002
2024/1/1,108.6270833,19.08125,13.07177067,5020
2024/1/1,108.6354167,19.08125,17.86631966,5017
2024/1/1,108.6395833,19.08125,14.77419853,5014
2024/1/1,108.64375,19.08125,15.1713953,5014
2024/1/1,108.6479167,19.08125,12.15315342,5011
2024/1/1,108.63125,19.07708333,17.46869659,5017
2024/1/1,108.6354167,19.07708333,17.43572426,5017
2024/1/1,108.6395833,19.07708333,14.85902882,5014
2024/1/1,108.64375,19.07708333,14.72157669,5014
2024/1/1,108.6479167,19.07708333,6.479017735,5011
2024/1/1,108.6520833,19.07708333,6.745473385,5011
2024/1/1,108.65625,19.07708333,6.206041336,5008
2024/1/1,108.6270833,19.07291667,20.69826889,5020
2024/1/1,108.63125,19.07291667,28.01611328,5017
2024/1/1,108.6354167,19.07291667,27.93946075,5017
2024/1/1,108.6395833,19.07291667,24.86163712,5014
2024/1/1,108.64375,19.07291667,25.68662262,5014
2024/1/1,108.6604167,19.07291667,5.776728153,5005
2024/1/1,108.6270833,19.06875,23.72241783,5020
2024/1/1,108.63125,19.06875,30.9180088,5017
2024/1/1,108.64375,19.06875,25.42110634,5014
2024/1/1,108.6479167,19.06875,9.6364851,5011
2024/1/1,108.6520833,19.06875,7.147049904,5008
2024/1/1,108.6270833,19.06458333,23.95198631,5020
2024/1/1,108.63125,19.06458333,30.35411453,5017
2024/1/1,108.64375,19.06458333,27.75940704,5011
2024/1/1,108.6520833,19.06458333,7.768335342,5008
2024/1/1,108.65625,19.06458333,8.030405045,5008
2024/1/1,108.6520833,19.06041667,7.784701347,5008
2024/1/1,108.64375,19.05625,13.80006981,5011
2024/1/1,108.6479167,19.05625,13.7011919,5011
2024/1/1,108.6520833,19.05625,7.675999641,5008
2024/1/1,109.84375,19.05208333,53.22229767,4481
2024/1/1,109.8479167,19.05208333,51.54305649,4481
2024/1/1,108.6354167,19.04791667,29.03982162,5014
2024/1/1,108.6395833,19.04791667,27.91907692,5014
2024/1/1,109.84375,19.04791667,25.06621742,4481
2024/1/1,109.8479167,19.04791667,53.2680397,4481
2024/1/1,108.6354167,19.04375,32.22150421,5014
2024/1/1,108.6395833,19.04375,30.7072525,5014
2024/1/1,108.6395833,19.01875,4.46681881,5007
2024/1/1,108.6520833,18.96458333,1.094256759,5002
2024/1/1,108.65625,18.96458333,2.507696629,4998
2024/1/1,108.6604167,18.96458333,1.921853423,4995
2024/1/1,108.65625,18.96041667,2.581267357,4998
2024/1/1,108.6520833,18.95625,2.860036135,4999
2024/1/1,108.65625,18.95625,2.773221254,4999
2024/1/1,110.4729167,18.91041667,4.663331032,4156
2024/1/1,110.4479167,18.88125,4.414608002,4167
2024/1/1,108.7145833,18.87291667,1.386418343,4965
2024/1/1,108.7104167,18.86875,1.730512619,4968
2024/1/1,108.6395833,18.86458333,0.804521084,4998
2024/1/1,108.64375,18.86458333,1.525046945,4995
2024/1/1,108.6604167,18.86458333,4.923271179,4989
2024/1/1,108.7104167,18.86458333,5.96696806,4968
2024/1/1,108.6354167,18.86041667,3.995948076,4998
2024/1/1,108.64375,18.86041667,3.106923342,4995
2024/1/1,108.6479167,18.86041667,2.748550177,4992
2024/1/1,108.6520833,18.86041667,3.306039333,4992
2024/1/1,108.65625,18.86041667,4.955888748,4989
2024/1/1,108.6604167,18.86041667,4.851599693,4989
2024/1/1,108.6645833,18.86041667,3.290261984,4986
2024/1/1,108.63125,18.85625,1.920589805,5001
2024/1/1,108.6395833,18.85625,3.777043343,4998
2024/1/1,108.6520833,18.85625,3.33558917,4992
2024/1/1,108.65625,18.85625,4.508570194,4989
2024/1/1,108.6604167,18.85625,4.324007988,4989
2024/1/1,108.6645833,18.85625,3.566824913,4986
2024/1/1,108.6395833,18.85208333,21.17512512,4995
2024/1/1,108.64375,18.85208333,21.0871582,4995
2024/1/1,108.65625,18.85208333,5.579402447,4989
2024/1/1,108.6604167,18.85208333,5.380755424,4989
2024/1/1,108.71875,18.85208333,0.647980213,4962
2024/1/1,108.6395833,18.84791667,7.676531792,4995
2024/1/1,108.64375,18.84791667,21.3128109,4995
2024/1/1,108.6479167,18.84791667,41.10624313,4992
2024/1/1,108.7229167,18.84791667,1.018153548,4962
2024/1/1,108.63125,18.84375,0.430464119,4998
2024/1/1,108.6354167,18.84375,1.723214507,4998
2024/1/1,108.64375,18.84375,7.230422974,4995
2024/1/1,108.6479167,18.84375,22.02105904,4992
2024/1/1,108.6520833,18.84375,22.9347477,4992
2024/1/1,108.6270833,18.83958333,0.541353047,5001
2024/1/1,108.6395833,18.83958333,1.215491533,4995
2024/1/1,108.63125,18.83541667,1.247192264,4998
2024/1/1,108.6354167,18.83541667,1.191141605,4998
2024/1/1,108.6395833,18.83541667,1.318089128,4995
2024/1/1,108.64375,18.83541667,1.240414739,4995
2024/1/1,108.6270833,18.83125,2.097400427,5001
2024/1/1,108.63125,18.83125,2.023221016,4998
2024/1/1,108.6354167,18.83125,1.805375218,4998
2024/1/1,110.3895833,18.83125,18.23720741,4192
2024/1/1,110.39375,18.83125,19.38084602,4192
2024/1/1,110.3979167,18.83125,14.66623688,4189
2024/1/1,108.6270833,18.82708333,1.205872536,5001
2024/1/1,110.39375,18.82708333,25.53359222,4188
2024/1/1,110.3979167,18.82708333,26.96757507,4185
2024/1/1,110.4020833,18.82708333,13.22712135,4189
2024/1/1,110.39375,18.82291667,26.53383446,4188
2024/1/1,110.3979167,18.82291667,28.74687195,4185
2024/1/1,110.3854167,18.81875,22.4134407,4192
2024/1/1,110.3895833,18.81458333,49.75068283,4188
2024/1/1,110.39375,18.81458333,49.85573196,4188
2024/1/1,110.38125,18.81041667,34.50300598,4192
2024/1/1,110.3854167,18.81041667,35.61603546,4192
2024/1/1,110.3895833,18.81041667,49.48719025,4188
2024/1/1,110.3979167,18.81041667,20.71846199,4185
2024/1/1,110.3770833,18.80625,20.89761543,4195
2024/1/1,110.38125,18.80625,35.76760864,4192
2024/1/1,110.3854167,18.80625,36.11077118,4192
2024/1/1,110.3895833,18.80625,43.75495148,4188
2024/1/1,110.39375,18.80625,21.92485237,4185
2024/1/1,108.68125,18.80208333,33.61320114,4975
2024/1/1,108.6854167,18.80208333,17.17120934,4972
2024/1/1,110.3604167,18.80208333,11.96698284,4203
2024/1/1,110.36875,18.80208333,14.03136635,4199
2024/1/1,110.3729167,18.80208333,17.99247742,4195
2024/1/1,110.38125,18.80208333,35.2713623,4192
2024/1/1,110.3854167,18.80208333,29.4855957,4188
2024/1/1,110.3895833,18.80208333,40.3950386,4188
2024/1/1,110.39375,18.80208333,20.14692879,4185
2024/1/1,110.3979167,18.80208333,20.23797798,4185
2024/1/1,108.66875,18.79791667,2.477591515,4978
2024/1/1,108.6770833,18.79791667,6.40090847,4975
2024/1/1,108.68125,18.79791667,6.230144978,4975
2024/1/1,108.6854167,18.79791667,14.02111626,4972
2024/1/1,110.3645833,18.79791667,22.04948807,4199
2024/1/1,110.36875,18.79791667,14.97362232,4199
2024/1/1,110.3729167,18.79791667,16.74048996,4195
2024/1/1,110.38125,18.79791667,33.4852562,4192
2024/1/1,110.3854167,18.79791667,29.41275024,4188
2024/1/1,110.3895833,18.79791667,28.65592766,4188
2024/1/1,110.39375,18.79791667,15.34454632,4185
2024/1/1,110.3979167,18.79791667,15.01737976,4185
2024/1/1,110.4020833,18.79791667,11.93445587,4181
2024/1/1,108.6729167,18.79375,2.282207727,4978
2024/1/1,108.6770833,18.79375,6.489482403,4975
2024/1/1,108.68125,18.79375,13.66800976,4972
2024/1/1,110.3645833,18.79375,21.87457085,4199
2024/1/1,110.36875,18.79375,21.36876869,4199
2024/1/1,110.3729167,18.79375,23.3107605,4195
2024/1/1,110.3770833,18.79375,25.87463379,4192
2024/1/1,110.38125,18.79375,25.51994896,4192
2024/1/1,110.3854167,18.79375,24.94562149,4188
2024/1/1,110.3895833,18.79375,24.90873909,4188
2024/1/1,110.39375,18.79375,14.21549702,4185
2024/1/1,110.3979167,18.79375,14.6486969,4185
2024/1/1,108.6729167,18.78958333,1.119219065,4978
2024/1/1,110.36875,18.78958333,11.54192162,4199
2024/1/1,110.3729167,18.78958333,14.00495148,4196
2024/1/1,110.3770833,18.78958333,8.632878304,4192
2024/1/1,110.3729167,18.78541667,14.21321106,4196
2024/1/1,109.51875,18.77291667,28.45110512,4606
2024/1/1,109.51875,18.76875,28.30490303,4606
2024/1/1,110.40625,18.76458333,1.827797294,4177
2024/1/1,110.4104167,18.76458333,3.177372456,4174
2024/1/1,109.16875,18.75208333,45.18575287,4761
2024/1/1,109.1729167,18.75208333,45.23589325,4761
2024/1/1,109.1729167,18.74791667,40.88554764,4761
2024/1/1,109.1770833,18.74375,37.01920319,4757
2024/1/1,109.18125,18.74375,22.41144371,4754
2024/1/1,109.1770833,18.73958333,63.80127716,4757
2024/1/1,110.3604167,18.69375,0.873708427,4192
2024/1/1,110.36875,18.68958333,2.940078735,4188
2024/1/1,110.3604167,18.68541667,4.367578983,4192
2024/1/1,110.3520833,18.68125,3.971388102,4195
2024/1/1,110.35625,18.68125,6.704905033,4192
2024/1/1,110.3479167,18.67708333,8.686733246,4195
2024/1/1,110.3520833,18.67708333,8.630101204,4195
2024/1/1,110.3354167,18.67291667,4.429456711,4202
2024/1/1,110.3395833,18.67291667,4.50331068,4199
2024/1/1,108.70625,18.61041667,1.522980928,4951
2024/1/1,108.7104167,18.61041667,25.75060081,4948
2024/1/1,108.7145833,18.61041667,25.49827003,4948
2024/1/1,108.7145833,18.60625,26.82115746,4948
2024/1/1,108.71875,18.60625,11.95873356,4945
2024/1/1,108.6979167,18.60208333,1.678588748,4950
2024/1/1,108.7020833,18.60208333,2.922784567,4947
2024/1/1,108.7104167,18.60208333,5.119952679,4948
2024/1/1,108.7145833,18.60208333,19.95607185,4945
2024/1/1,108.6979167,18.59791667,1.228446841,4950
2024/1/1,108.7020833,18.59791667,2.855372667,4947
2024/1/1,108.70625,18.59791667,2.961129665,4947
2024/1/1,108.69375,18.59375,1.16718936,4950
2024/1/1,108.6979167,18.59375,0.785871744,4950
2024/1/1,108.7020833,18.59375,1.371872783,4947
2024/1/1,108.69375,18.58958333,0.994762719,4950
2024/1/1,108.6979167,18.58958333,0.56825453,4950
2024/1/1,108.7020833,18.58958333,3.92878294,4947
2024/1/1,108.6895833,18.58125,0.635523975,4953
2024/1/1,108.69375,18.58125,0.735981107,4950
2024/1/1,108.73125,18.58125,38.85998535,4935
2024/1/1,108.6854167,18.57708333,0.801283777,4953
2024/1/1,108.6895833,18.57708333,0.280102313,4953
2024/1/1,108.7354167,18.57708333,20.82351112,4932
2024/1/1,108.68125,18.57291667,0.536870182,4956
2024/1/1,108.6854167,18.57291667,0.876279593,4953
2024/1/1,108.6895833,18.57291667,1.238758802,4950
2024/1/1,108.69375,18.57291667,0.994284928,4950
2024/1/1,108.68125,18.56875,0.585575283,4956
2024/1/1,108.6854167,18.56875,2.333753824,4953
2024/1/1,108.7229167,18.56458333,1.653308511,4938
2024/1/1,108.7270833,18.56458333,2.568276644,4935
2024/1/1,108.68125,18.56041667,0.702669978,4953
2024/1/1,108.6854167,18.56041667,1.670297384,4953
2024/1/1,108.7145833,18.56041667,1.619716167,4941
2024/1/1,110.09375,18.56041667,1.014301658,4312
2024/1/1,108.6770833,18.55625,0.60733515,4956
2024/1/1,108.68125,18.55625,0.965551496,4953
2024/1/1,108.6854167,18.55625,1.131400347,4953
2024/1/1,108.70625,18.54791667,1.83192277,4944
2024/1/1,108.7104167,18.54791667,1.432954907,4941
2024/1/1,108.7145833,18.54791667,1.240830541,4938
2024/1/1,108.7520833,18.54791667,0.728115916,4923
2024/1/1,108.75625,18.54791667,0.951272309,4923
2024/1/1,108.7104167,18.54375,1.756754518,4941
2024/1/1,108.7520833,18.54375,0.802698255,4923
2024/1/1,110.0395833,18.54375,6.410643578,4337
2024/1/1,108.70625,18.53958333,2.004459381,4941
2024/1/1,110.03125,18.53958333,19.31695366,4341
2024/1/1,110.0354167,18.53958333,6.00323534,4337
2024/1/1,110.0395833,18.53958333,6.152270317,4337
2024/1/1,110.03125,18.53541667,19.73306465,4341
2024/1/1,110.0354167,18.53541667,12.51845455,4337
2024/1/1,110.0395833,18.52708333,10.27536201,4333
2024/1/1,108.6979167,18.52291667,1.851801515,4945
2024/1/1,108.7020833,18.52291667,2.0327847,4945
2024/1/1,108.70625,18.52291667,0.952060759,4942
2024/1/1,108.6895833,18.51875,22.64369011,4948
2024/1/1,108.69375,18.51875,22.77493858,4948
2024/1/1,108.6979167,18.51875,5.245890617,4945
2024/1/1,108.7895833,18.51875,8.455887794,4906
2024/1/1,108.79375,18.51875,8.465563774,4906
2024/1/1,108.6895833,18.51458333,21.88469887,4948
2024/1/1,108.69375,18.51458333,21.14188385,4948
2024/1/1,108.6979167,18.51458333,4.456027508,4945
2024/1/1,108.7020833,18.51458333,5.600937366,4945
2024/1/1,108.78125,18.51458333,59.35168457,4909
2024/1/1,108.7854167,18.51458333,59.69565582,4909
2024/1/1,108.7895833,18.51458333,9.95043087,4906
2024/1/1,108.6895833,18.51041667,21.08591652,4948
2024/1/1,108.69375,18.51041667,21.48805809,4948
2024/1/1,108.6979167,18.51041667,4.55592823,4945
2024/1/1,108.7020833,18.51041667,4.665869713,4945
2024/1/1,108.7854167,18.51041667,106.492691,4909
2024/1/1,108.7895833,18.51041667,63.71174622,4906
2024/1/1,108.7979167,18.51041667,14.84483147,4903
2024/1/1,108.6895833,18.50625,23.34533119,4948
2024/1/1,108.69375,18.50625,23.42822456,4948
2024/1/1,108.6979167,18.50625,3.233136892,4945
2024/1/1,108.7020833,18.50625,2.892534494,4942
2024/1/1,108.78125,18.50625,106.3661194,4909
2024/1/1,108.7854167,18.50625,106.365036,4909
2024/1/1,108.7895833,18.50625,61.33508301,4906
2024/1/1,108.79375,18.50625,13.56534672,4903
2024/1/1,108.7979167,18.50625,13.68916321,4903
2024/1/1,108.78125,18.50208333,13.7284193,4909
2024/1/1,108.7854167,18.50208333,13.41638279,4909
2024/1/1,108.7895833,18.50208333,40.68844604,4906
2024/1/1,108.79375,18.50208333,50.60329437,4903
2024/1/1,108.7979167,18.50208333,50.58545685,4903
2024/1/1,108.8020833,18.50208333,27.50387573,4900
2024/1/1,108.8979167,18.50208333,2.457403898,4858
2024/1/1,108.7979167,18.49791667,50.94454956,4903
2024/1/1,108.8020833,18.49791667,24.99320984,4900
2024/1/1,108.7354167,18.49375,5.720482349,4930
2024/1/1,108.8979167,18.49375,3.155466318,4858
2024/1/1,108.8145833,18.48958333,10.10529041,4894
2024/1/1,108.81875,18.48958333,9.874530792,4894
2024/1/1,108.8895833,18.48958333,5.334199429,4861
2024/1/1,108.9020833,18.48541667,2.801738262,4855
2024/1/1,108.8020833,18.48125,2.035587311,4896
2024/1/1,108.80625,18.48125,4.81437254,4893
2024/1/1,108.89375,18.48125,10.68251419,4861
2024/1/1,108.9270833,18.48125,4.792094707,4846
2024/1/1,108.8895833,18.47708333,62.59509277,4861
2024/1/1,108.89375,18.47708333,18.01128197,4858
2024/1/1,108.8895833,18.47291667,70.08708191,4858
2024/1/1,108.89375,18.47291667,73.5189209,4855
2024/1/1,108.8979167,18.47291667,73.53919983,4855
2024/1/1,108.88125,18.46875,3.527802706,4861
2024/1/1,108.8895833,18.46875,68.00510406,4858
2024/1/1,108.89375,18.46875,73.57710266,4855
2024/1/1,108.8979167,18.46875,73.7095871,4855
2024/1/1,108.8854167,18.46458333,4.685051441,4858
2024/1/1,108.8895833,18.46458333,4.937150478,4858
2024/1/1,108.89375,18.46458333,13.14620781,4855
2024/1/1,108.8979167,18.46458333,13.3303318,4855
2024/1/1,108.9020833,18.46458333,9.199700356,4852
2024/1/1,108.88125,18.46041667,2.852671623,4861
2024/1/1,108.8854167,18.46041667,3.208292484,4858
2024/1/1,108.8895833,18.46041667,3.2892766,4858
2024/1/1,108.89375,18.46041667,4.331709862,4855
2024/1/1,108.8979167,18.46041667,4.216681957,4855
2024/1/1,108.8729167,18.45625,3.329200983,4864
2024/1/1,108.8770833,18.45625,3.403543234,4864
2024/1/1,108.88125,18.45625,3.081978083,4861
2024/1/1,108.8854167,18.45625,3.403431654,4858
2024/1/1,108.8895833,18.45625,3.238111496,4858
2024/1/1,108.89375,18.45625,4.094851971,4855
2024/1/1,108.86875,18.45208333,2.199084997,4867
2024/1/1,108.8729167,18.45208333,2.967418432,4864
2024/1/1,108.8770833,18.45208333,5.520643234,4861
2024/1/1,108.88125,18.45208333,5.5374856,4861
2024/1/1,108.8854167,18.45208333,5.482522964,4858
2024/1/1,108.8895833,18.45208333,5.286699772,4858
2024/1/1,108.89375,18.45208333,1.964769721,4855
2024/1/1,108.9229167,18.45208333,352.0740051,4843
2024/1/1,108.8770833,18.44791667,6.542714596,4861
2024/1/1,108.88125,18.44791667,6.573804379,4861
2024/1/1,108.8854167,18.44791667,6.636234283,4858
2024/1/1,108.8895833,18.44791667,6.779701233,4858
2024/1/1,108.9145833,18.44791667,14.97161388,4846
2024/1/1,108.91875,18.44791667,32.01944733,4843
2024/1/1,108.8729167,18.44375,1.595270038,4864
2024/1/1,108.8854167,18.44375,6.720684052,4858
2024/1/1,108.9145833,18.44375,10.29565239,4846
2024/1/1,110.0729167,18.44375,2.691235781,4312
2024/1/1,108.91875,18.43958333,6.536618233,4843
2024/1/1,110.06875,18.43958333,2.896296501,4312
2024/1/1,109.9479167,18.42708333,9.344887733,4370
2024/1/1,109.9520833,18.42708333,10.1611414,4366
2024/1/1,108.94375,18.42291667,2.432649374,4831
2024/1/1,109.9520833,18.42291667,10.33270931,4366
2024/1/1,109.95625,18.42291667,10.25409031,4366
2024/1/1,109.9604167,18.42291667,7.964993,4363
2024/1/1,108.93125,18.41875,1.857281327,4837
2024/1/1,108.9354167,18.41875,2.263153791,4834
2024/1/1,108.9395833,18.41875,2.928764582,4834
2024/1/1,108.94375,18.41875,2.994767666,4831
2024/1/1,109.9354167,18.41875,5.866844654,4376
2024/1/1,109.9479167,18.41875,9.295759201,4370
2024/1/1,109.9520833,18.41875,10.56572819,4366
2024/1/1,108.9354167,18.41458333,0.977357209,4834
2024/1/1,108.9395833,18.41458333,1.995681286,4834
2024/1/1,108.94375,18.41458333,1.993166685,4831
2024/1/1,109.7604167,18.41458333,8.220238686,4461
2024/1/1,108.9395833,18.41041667,2.155731678,4834
2024/1/1,109.7520833,18.41041667,21.71213722,4464
2024/1/1,109.7520833,18.40625,21.16335678,4464
2024/1/1,109.8270833,18.40625,5.070075512,4427
2024/1/1,109.83125,18.40625,6.525602341,4424
2024/1/1,109.8104167,18.40208333,6.007230759,4434
2024/1/1,109.8395833,18.40208333,4.964566231,4420
2024/1/1,109.83125,18.39791667,6.90977335,4424
2024/1/1,109.8354167,18.39791667,6.976209164,4424
2024/1/1,109.8395833,18.39791667,4.755762577,4420
2024/1/1,109.8354167,18.39375,5.847589016,4424
2024/1/1,109.8395833,18.39375,5.079604626,4420
2024/1/1,109.84375,18.39375,4.766941071,4417
2024/1/1,109.8479167,18.39375,4.475408077,4417
2024/1/1,109.8520833,18.39375,3.907723427,4414
2024/1/1,109.85625,18.39375,4.038912773,4414
2024/1/1,109.8395833,18.38958333,7.464402676,4420
2024/1/1,109.73125,18.38125,54.88755798,4471
2024/1/1,109.7354167,18.38125,51.65702057,4471
2024/1/1,109.7395833,18.38125,28.43219185,4468
2024/1/1,109.1270833,18.37708333,2.453326464,4747
2024/1/1,109.1520833,18.37708333,6.427828789,4738
2024/1/1,109.15625,18.37708333,16.11487579,4734
2024/1/1,109.1604167,18.37708333,16.31664276,4734
2024/1/1,109.1645833,18.37708333,10.12439632,4731
2024/1/1,109.16875,18.37708333,7.84079361,4728
2024/1/1,109.7270833,18.37708333,21.55535316,4474
2024/1/1,109.73125,18.37708333,27.79598427,4471
2024/1/1,109.7395833,18.37708333,17.06260109,4468
2024/1/1,109.11875,18.37291667,4.938529491,4751
2024/1/1,109.1395833,18.37291667,15.47155571,4741
2024/1/1,109.1520833,18.37291667,12.80204964,4738
2024/1/1,109.15625,18.37291667,18.70358849,4734
2024/1/1,109.1604167,18.37291667,26.58133316,4731
2024/1/1,109.1645833,18.37291667,26.75310898,4731
2024/1/1,109.16875,18.37291667,16.26606178,4728
2024/1/1,109.1770833,18.37291667,5.509156227,4725
2024/1/1,109.1229167,18.36875,4.948929787,4751
2024/1/1,109.1270833,18.36875,7.509304523,4747
2024/1/1,109.13125,18.36875,8.721847534,4744
2024/1/1,109.1354167,18.36875,9.33310318,4744
2024/1/1,109.1395833,18.36875,8.451395035,4741
2024/1/1,109.14375,18.36875,8.689294815,4741
2024/1/1,109.1479167,18.36875,11.65004539,4738
2024/1/1,109.1520833,18.36875,11.65951729,4738
2024/1/1,109.15625,18.36875,10.10103703,4734
2024/1/1,109.1604167,18.36875,25.50351143,4731
2024/1/1,109.1645833,18.36875,26.21763611,4731
2024/1/1,109.16875,18.36875,16.12556458,4728
2024/1/1,109.1729167,18.36875,15.82580853,4728
2024/1/1,109.1770833,18.36875,5.435133934,4725
2024/1/1,109.1229167,18.36458333,21.367342,4747
2024/1/1,109.1270833,18.36458333,21.32303619,4747
2024/1/1,109.13125,18.36458333,15.32172966,4744
2024/1/1,109.1354167,18.36458333,9.365357399,4744
2024/1/1,109.1395833,18.36458333,8.275567055,4741
2024/1/1,109.15625,18.36458333,10.54401016,4734
2024/1/1,109.1604167,18.36458333,46.13161469,4731
2024/1/1,109.1645833,18.36458333,47.87680817,4731
2024/1/1,109.16875,18.36458333,18.21909714,4728
2024/1/1,109.1729167,18.36458333,17.71378899,4728
2024/1/1,109.1770833,18.36458333,12.71413517,4725
2024/1/1,109.11875,18.36041667,20.07441521,4751
2024/1/1,109.1229167,18.36041667,22.04981804,4747
2024/1/1,109.1270833,18.36041667,21.983881,4747
2024/1/1,109.13125,18.36041667,15.36122894,4744
2024/1/1,109.1354167,18.36041667,16.12795448,4744
2024/1/1,109.1395833,18.36041667,18.47198677,4741
2024/1/1,109.1604167,18.36041667,33.24832535,4731
2024/1/1,109.1645833,18.36041667,34.64228058,4731
2024/1/1,109.16875,18.36041667,25.71569824,4728
2024/1/1,109.1770833,18.36041667,12.70903778,4725
2024/1/1,109.1229167,18.35625,26.00322914,4747
2024/1/1,109.1270833,18.35625,25.86256218,4747
2024/1/1,109.13125,18.35625,13.61023521,4744
2024/1/1,109.1354167,18.35625,13.5043354,4744
2024/1/1,109.1604167,18.35625,33.33903885,4731
2024/1/1,109.1645833,18.35625,33.46595764,4731
2024/1/1,109.1770833,18.35625,16.47823715,4725
2024/1/1,109.11875,18.35208333,2.494771004,4751
2024/1/1,109.1229167,18.35208333,25.97251129,4747
2024/1/1,109.16875,18.34791667,48.75141907,4728
2024/1/1,109.1729167,18.34791667,18.69842148,4725
2024/1/1,109.7020833,18.33958333,9.725152016,4481
2024/1/1,109.7104167,18.32291667,10.52322483,4474
2024/1/1,109.5270833,18.31875,17.46052361,4562
2024/1/1,109.6979167,18.31875,16.06666946,4481
2024/1/1,109.7020833,18.31875,19.15099907,4477
2024/1/1,109.70625,18.31875,18.90117836,4477
2024/1/1,109.3979167,18.31458333,109.3954468,4620
2024/1/1,109.4395833,18.31458333,25.29481125,4603
2024/1/1,109.44375,18.31458333,23.73106384,4600
2024/1/1,109.4479167,18.31458333,11.53033829,4596
2024/1/1,109.7020833,18.31458333,32.29162216,4477
2024/1/1,109.70625,18.31458333,32.22111511,4477
2024/1/1,109.3979167,18.31041667,227.0843353,4620
2024/1/1,109.4020833,18.31041667,227.0649261,4620
2024/1/1,109.40625,18.31041667,226.1655273,4617
2024/1/1,109.4104167,18.31041667,42.45434189,4617
2024/1/1,109.4145833,18.31041667,30.54318047,4613
2024/1/1,109.41875,18.31041667,25.20497131,4610
2024/1/1,109.43125,18.31041667,28.77368355,4607
2024/1/1,109.4354167,18.31041667,38.23623657,4603
2024/1/1,109.4395833,18.31041667,39.14128494,4603
2024/1/1,109.44375,18.31041667,58.5089035,4600
2024/1/1,109.4479167,18.31041667,54.01053619,4596
2024/1/1,109.4520833,18.31041667,54.18867493,4596
2024/1/1,109.48125,18.31041667,11.24857235,4583
2024/1/1,109.51875,18.31041667,37.77175522,4566
2024/1/1,109.5270833,18.31041667,44.10578537,4562
2024/1/1,109.53125,18.31041667,18.20651817,4559
2024/1/1,109.5354167,18.31041667,16.22976303,4556
2024/1/1,109.6979167,18.31041667,45.67701721,4481
2024/1/1,109.7020833,18.31041667,32.26182175,4477
2024/1/1,109.70625,18.31041667,23.11394882,4474
2024/1/1,109.3979167,18.30625,261.2462769,4617
2024/1/1,109.4020833,18.30625,277.6871338,4617
2024/1/1,109.40625,18.30625,218.6167603,4617
2024/1/1,109.4104167,18.30625,74.23047638,4614
2024/1/1,109.4145833,18.30625,74.31793213,4614
2024/1/1,109.41875,18.30625,104.1156158,4610
2024/1/1,109.4229167,18.30625,101.0940475,4610
2024/1/1,109.4270833,18.30625,61.32463455,4607
2024/1/1,109.43125,18.30625,61.15119171,4607
2024/1/1,109.4354167,18.30625,76.35315704,4603
2024/1/1,109.4395833,18.30625,71.92476654,4600
2024/1/1,109.44375,18.30625,71.65994263,4600
2024/1/1,109.4479167,18.30625,54.2325592,4596
2024/1/1,109.4520833,18.30625,54.01242447,4596
2024/1/1,109.5229167,18.30625,42.63646698,4562
2024/1/1,109.5270833,18.30625,33.5324707,4559
2024/1/1,109.53125,18.30625,33.50431442,4559
2024/1/1,109.5354167,18.30625,24.38844872,4556
2024/1/1,109.4020833,18.30208333,21.15781403,4617
2024/1/1,109.40625,18.30208333,167.7771149,4613
2024/1/1,109.4104167,18.30208333,52.50549316,4610
2024/1/1,109.4145833,18.30208333,49.43395233,4610
2024/1/1,109.4229167,18.30208333,66.75138855,4606
2024/1/1,109.4270833,18.30208333,45.90861893,4603
2024/1/1,109.43125,18.30208333,45.90576172,4603
2024/1/1,109.4354167,18.30208333,73.51519775,4600
2024/1/1,109.4395833,18.30208333,69.7593689,4600
2024/1/1,109.44375,18.30208333,71.84732819,4600
2024/1/1,109.4479167,18.30208333,48.17960739,4596
2024/1/1,109.4520833,18.30208333,46.62143707,4596
2024/1/1,109.4770833,18.30208333,28.81334114,4583
2024/1/1,109.48125,18.30208333,28.00981903,4583
2024/1/1,109.49375,18.30208333,24.0683651,4576
2024/1/1,109.4979167,18.30208333,22.70544624,4573
2024/1/1,109.5020833,18.30208333,22.96751785,4573
2024/1/1,109.50625,18.30208333,25.88042259,4569
2024/1/1,109.5229167,18.30208333,33.53248978,4562
2024/1/1,109.5270833,18.30208333,55.04230881,4559
2024/1/1,109.53125,18.30208333,54.98509216,4559
2024/1/1,109.5354167,18.30208333,57.4003334,4556
2024/1/1,109.38125,18.29791667,33.09609222,4624
2024/1/1,109.3854167,18.29791667,12.92897892,4624
2024/1/1,109.3895833,18.29791667,45.97126007,4620
2024/1/1,109.39375,18.29791667,49.20383835,4620
2024/1/1,109.3979167,18.29791667,22.51456451,4617
2024/1/1,109.4020833,18.29791667,15.30489445,4613
2024/1/1,109.40625,18.29791667,15.23947239,4613
2024/1/1,109.4104167,18.29791667,28.99528503,4610
2024/1/1,109.4145833,18.29791667,27.2712574,4610
2024/1/1,109.41875,18.29791667,45.57949829,4606
2024/1/1,109.4229167,18.29791667,48.2899437,4606
2024/1/1,109.4270833,18.29791667,50.53003311,4603
2024/1/1,109.43125,18.29791667,57.63655472,4600
2024/1/1,109.4354167,18.29791667,63.0424614,4600
2024/1/1,109.4395833,18.29791667,70.34087372,4596
2024/1/1,109.44375,18.29791667,63.95416641,4596
2024/1/1,109.4479167,18.29791667,47.02314377,4593
2024/1/1,109.4520833,18.29791667,48.39530945,4593
2024/1/1,109.45625,18.29791667,29.89053917,4589
2024/1/1,109.46875,18.29791667,14.75611782,4586
2024/1/1,109.4729167,18.29791667,13.54519939,4583
2024/1/1,109.4770833,18.29791667,28.81661224,4583
2024/1/1,109.48125,18.29791667,29.59878349,4583
2024/1/1,109.49375,18.29791667,51.61235428,4576
2024/1/1,109.4979167,18.29791667,38.84419632,4573
2024/1/1,109.5020833,18.29791667,38.81132126,4573
2024/1/1,109.50625,18.29791667,37.91601181,4569
2024/1/1,109.5104167,18.29791667,36.61272049,4569
2024/1/1,109.5145833,18.29791667,74.81599426,4566
2024/1/1,109.51875,18.29791667,33.43657684,4562
2024/1/1,109.5229167,18.29791667,33.57521057,4562
2024/1/1,109.5270833,18.29791667,53.46343613,4559
2024/1/1,109.53125,18.29791667,53.44361877,4559
2024/1/1,109.5354167,18.29791667,55.79653168,4556
2024/1/1,109.5395833,18.29791667,55.9044838,4556
2024/1/1,109.38125,18.29375,35.06304932,4624
2024/1/1,109.3854167,18.29375,32.77463531,4624
2024/1/1,109.3895833,18.29375,33.28391647,4620
2024/1/1,109.39375,18.29375,34.86207962,4620
2024/1/1,109.3979167,18.29375,21.88621521,4617
2024/1/1,109.4020833,18.29375,21.93565559,4613
2024/1/1,109.40625,18.29375,21.38565445,4613
2024/1/1,109.4104167,18.29375,27.93291855,4610
2024/1/1,109.4145833,18.29375,27.81740189,4610
2024/1/1,109.41875,18.29375,48.73552322,4606
2024/1/1,109.4229167,18.29375,48.50534058,4606
2024/1/1,109.4270833,18.29375,52.45908356,4603
2024/1/1,109.43125,18.29375,57.56144714,4600
2024/1/1,109.4354167,18.29375,62.99742889,4600
2024/1/1,109.4395833,18.29375,58.27085876,4596
2024/1/1,109.44375,18.29375,53.09681702,4596
2024/1/1,109.4479167,18.29375,48.19542313,4593
2024/1/1,109.4520833,18.29375,46.79029465,4593
2024/1/1,109.45625,18.29375,16.27084541,4589
2024/1/1,109.4604167,18.29375,16.99354172,4586
2024/1/1,109.46875,18.29375,38.05499649,4583
2024/1/1,109.4729167,18.29375,13.3837328,4583
2024/1/1,109.4770833,18.29375,35.77954483,4579
2024/1/1,109.48125,18.29375,36.91113281,4579
2024/1/1,109.4854167,18.29375,63.8902359,4576
2024/1/1,109.4895833,18.29375,50.59220505,4572
2024/1/1,109.49375,18.29375,52.38523102,4572
2024/1/1,109.4979167,18.29375,57.51105499,4569
2024/1/1,109.5020833,18.29375,55.83698654,4569
2024/1/1,109.50625,18.29375,40.98865509,4566
2024/1/1,109.5104167,18.29375,40.69287109,4566
2024/1/1,109.5145833,18.29375,74.57613373,4566
2024/1/1,109.51875,18.29375,50.86275864,4562
2024/1/1,109.5229167,18.29375,51.33076859,4562
2024/1/1,109.5270833,18.29375,60.82978058,4559
2024/1/1,109.53125,18.29375,60.91244125,4559
2024/1/1,109.5354167,18.29375,65.62789917,4556
2024/1/1,109.5395833,18.29375,65.5092392,4556
2024/1/1,109.54375,18.29375,30.60948372,4552
2024/1/1,109.3770833,18.28958333,23.54627991,4627
2024/1/1,109.38125,18.28958333,14.16438198,4624
2024/1/1,109.3854167,18.28958333,14.32168579,4624
2024/1/1,109.4270833,18.28958333,40.77941513,4603
2024/1/1,109.43125,18.28958333,33.74787903,4600
2024/1/1,109.4354167,18.28958333,33.54230118,4600
2024/1/1,109.4395833,18.28958333,27.40935135,4596
2024/1/1,109.44375,18.28958333,28.06128502,4596
2024/1/1,109.4479167,18.28958333,33.94420624,4593
2024/1/1,109.4520833,18.28958333,16.16028595,4589
2024/1/1,109.4604167,18.28958333,16.47564697,4586
2024/1/1,109.4645833,18.28958333,16.05083847,4586
2024/1/1,109.46875,18.28958333,37.27441406,4583
2024/1/1,109.4729167,18.28958333,38.49937057,4583
2024/1/1,109.4770833,18.28958333,51.92506027,4579
2024/1/1,109.48125,18.28958333,53.62713242,4579
2024/1/1,109.4854167,18.28958333,52.07120895,4576
2024/1/1,109.4895833,18.28958333,64.94632721,4572
2024/1/1,109.49375,18.28958333,67.13333893,4572
2024/1/1,109.4979167,18.28958333,57.26052094,4569
2024/1/1,109.5020833,18.28958333,57.53347015,4569
2024/1/1,109.50625,18.28958333,41.0602417,4566
2024/1/1,109.5104167,18.28958333,77.80109406,4562
2024/1/1,109.5145833,18.28958333,77.47647858,4562
2024/1/1,109.51875,18.28958333,59.00980377,4559
2024/1/1,109.5229167,18.28958333,61.11567688,4559
2024/1/1,109.5270833,18.28958333,35.33973694,4555
2024/1/1,109.53125,18.28958333,35.3538475,4555
2024/1/1,109.5354167,18.28958333,57.12314987,4552
2024/1/1,109.4520833,18.28541667,18.3167572,4589
2024/1/1,109.45625,18.28541667,17.77816391,4589
2024/1/1,109.4604167,18.28541667,9.919219017,4586
2024/1/1,109.4645833,18.28541667,9.21481514,4586
2024/1/1,109.46875,18.28541667,44.10528564,4583
2024/1/1,109.4729167,18.28541667,44.10221863,4583
2024/1/1,109.4770833,18.28541667,43.96244431,4579
2024/1/1,109.48125,18.28541667,36.29216385,4576
2024/1/1,109.4854167,18.28541667,52.38232803,4576
2024/1/1,109.4895833,18.28541667,64.98760986,4572
2024/1/1,109.49375,18.28541667,64.74950409,4572
2024/1/1,109.4979167,18.28541667,57.09522247,4569
2024/1/1,109.5020833,18.28541667,55.45357513,4569
2024/1/1,109.50625,18.28541667,31.12322044,4566
2024/1/1,109.5104167,18.28541667,79.08421326,4562
2024/1/1,109.5145833,18.28541667,79.19462585,4562
2024/1/1,109.51875,18.28541667,35.57632446,4559
2024/1/1,109.5229167,18.28541667,36.75266266,4559
2024/1/1,109.5270833,18.28541667,23.22280312,4555
2024/1/1,109.5645833,18.28541667,71.75785828,4538
2024/1/1,109.56875,18.28541667,21.17431259,4535
2024/1/1,109.5729167,18.28541667,21.90237808,4535
2024/1/1,109.5770833,18.28541667,31.03754616,4532
2024/1/1,109.4645833,18.28125,10.33118916,4586
2024/1/1,109.4729167,18.28125,43.64162445,4579
2024/1/1,109.4770833,18.28125,43.72690964,4579
2024/1/1,109.48125,18.28125,36.23026657,4576
2024/1/1,109.4854167,18.28125,35.38126373,4576
2024/1/1,109.4895833,18.28125,54.27971268,4572
2024/1/1,109.49375,18.28125,54.10403442,4572
2024/1/1,109.4979167,18.28125,35.39820099,4569
2024/1/1,109.5020833,18.28125,35.58955002,4569
2024/1/1,109.50625,18.28125,48.50547791,4566
2024/1/1,109.5104167,18.28125,52.12475586,4562
2024/1/1,109.5145833,18.28125,52.20278168,4562
2024/1/1,109.51875,18.28125,35.86094666,4559
2024/1/1,109.5229167,18.28125,34.49725723,4559
2024/1/1,109.5270833,18.28125,23.99834061,4555
2024/1/1,109.5645833,18.28125,21.55550575,4538
2024/1/1,109.56875,18.28125,38.91593933,4535
2024/1/1,109.5729167,18.28125,38.58547211,4535
2024/1/1,109.5770833,18.28125,31.22883606,4532
2024/1/1,109.4729167,18.27708333,32.73566818,4579
2024/1/1,109.5020833,18.27708333,49.78324127,4566
2024/1/1,109.50625,18.27708333,48.43868637,4566
2024/1/1,109.5104167,18.27708333,52.12265015,4562
2024/1/1,109.5145833,18.27708333,52.25295258,4562
2024/1/1,109.51875,18.27708333,26.78920174,4559
2024/1/1,109.5229167,18.27708333,25.64616585,4559
2024/1/1,109.56875,18.27708333,39.19368362,4535
2024/1/1,109.5729167,18.27708333,38.94389343,4535
2024/1/1,109.5770833,18.27708333,57.61094284,4532
2024/1/1,109.5020833,18.27291667,60.40655899,4566
2024/1/1,109.50625,18.27291667,56.91340256,4566
2024/1/1,109.5104167,18.27291667,39.56742859,4562
2024/1/1,109.5145833,18.27291667,38.58602142,4562
2024/1/1,109.56875,18.27291667,33.12969971,4535
2024/1/1,109.5729167,18.27291667,33.05856705,4535
2024/1/1,109.5770833,18.27291667,16.89935303,4532
2024/1/1,109.50625,18.26875,58.25365067,4566
2024/1/1,109.5104167,18.26875,39.56682968,4562
2024/1/1,109.5145833,18.26875,38.64367676,4562
2024/1/1,109.5020833,18.24791667,67.68669891,4566
2024/1/1,109.50625,18.24791667,58.84137726,4562
2024/1/1,109.5104167,18.24791667,58.82877731,4562
2024/1/1,109.5145833,18.24791667,28.45251656,4559
2024/1/1,109.51875,18.24791667,28.30102539,4559
2024/1/1,109.5229167,18.24791667,19.32598114,4555
2024/1/1,109.4979167,18.24375,68.34372711,4566
2024/1/1,109.5020833,18.24375,67.98389435,4566
2024/1/1,109.50625,18.24375,60.71465302,4562
2024/1/1,109.5104167,18.24375,60.62586594,4562
2024/1/1,109.5145833,18.24375,44.66999817,4559
2024/1/1,109.5020833,18.23958333,62.21054459,4566
2024/1/1,109.50625,18.23958333,61.35006332,4562
2024/1/1,109.5104167,18.23958333,61.25832748,4562
2024/1/1,109.5145833,18.23958333,37.60031509,4559
2024/1/1,109.5020833,18.23541667,62.57390213,4566
2024/1/1,109.5104167,18.23541667,37.92688751,4559
2024/1/1,109.5145833,18.23541667,41.23561478,4559
2024/1/1,109.5229167,18.23541667,12.6313982,4555
2024/1/1,109.5145833,18.23125,32.27413177,4559
2024/1/1,109.51875,18.23125,15.95148754,4555
2024/1/1,109.5229167,18.23125,14.59709358,4555
2024/1/1,109.49375,18.21458333,11.80841255,4566
2024/1/1,109.48125,18.21041667,11.81776714,4573
2024/1/1,109.4854167,18.21041667,17.49153519,4569
2024/1/1,109.4895833,18.21041667,16.47219849,4569
2024/1/1,109.49375,18.21041667,12.31530476,4566
